-- phpMyAdmin SQL Dump
-- version 3.2.3
-- http://www.phpmyadmin.net
--
-- Хост: localhost
-- Время создания: Авг 29 2014 г., 13:36
-- Версия сервера: 5.1.40
-- Версия PHP: 5.3.3

SET SQL_MODE="NO_AUTO_VALUE_ON_ZERO";


/*!40101 SET @OLD_CHARACTER_SET_CLIENT=@@CHARACTER_SET_CLIENT */;
/*!40101 SET @OLD_CHARACTER_SET_RESULTS=@@CHARACTER_SET_RESULTS */;
/*!40101 SET @OLD_COLLATION_CONNECTION=@@COLLATION_CONNECTION */;
/*!40101 SET NAMES utf8 */;

--
-- База данных: `dog`
--

-- --------------------------------------------------------

--
-- Структура таблицы `about_breed`
--

CREATE TABLE IF NOT EXISTS `about_breed` (
  `id` int(2) NOT NULL AUTO_INCREMENT,
  `page` varchar(50) NOT NULL,
  `meta_k` varchar(255) NOT NULL,
  `meta_d` varchar(255) NOT NULL,
  `title` varchar(255) NOT NULL,
  `text` text NOT NULL,
  `description` text NOT NULL,
  PRIMARY KEY (`id`)
) ENGINE=MyISAM  DEFAULT CHARSET=cp1251 AUTO_INCREMENT=9 ;

--
-- Дамп данных таблицы `about_breed`
--

INSERT INTO `about_breed` (`id`, `page`, `meta_k`, `meta_d`, `title`, `text`, `description`) VALUES
(1, '', '', '', 'Официальный стандарт породы (FCI - стандарт N 181 / 2006 г)', '<CENTER><B><FONT size=5><VAR>ОФИЦИАЛЬНЫЙ СТАНДАРТ ПОРОДЫ РИЗЕНШНАУЦЕР</FONT>\r\n<BR><BR><FONT size=4>\r\nГИГАНТСКИЙ ШНАУЦЕР  (РИЗЕНШНАУЦЕР)<BR>\r\nFCI - стандарт N 181 / 2006 г<BR>\r\n(Неофициальный перевод)<BR><BR></CENTER>\r\nСтрана происхождения: Германия<BR>\r\nДАТА ПУБЛИКАЦИИ ДЕЙСТВУЮЩЕГО СТАНДАРТА 21.02.2006<BR>\r\nНАЗНАЧЕНИЕ: пользовательская собака и компаньон.<BR>\r\nКЛАССИФИКАЦИЯ FCI: группа 2<BR>\r\nПинчер и шнауцер – молоссоиды - швейцарские горные собаки и др.породы.<BR>\r\nСекция 1. Пинчер и шнауцер.<BR>\r\nС рабочими испытаниями<BR><BR>\r\nКРАТКАЯ ИСТОРИЧЕСКАЯ СПРАВКА: Первоначально р. использовался в Южной Германии как гуртоправ. К концу 19 - началу 20-го веков целенаправленное разведение привело к закреплению выдающихся рабочих способностей как особенно ценной черты характера. С 1913 года была начата регистрация в Книге разведения, и в 1925 г ризеншнауцер официально признан служебной собакой.<BR><BR>\r\nОБЩЕЕ ВПЕЧАТЛЕНИЕ: крупный, мощный, скорее плотный, чем изящный, жесткошерстный. Главное в образе р.- сила. Готовая к нападению и обороне собака, чей вид внушает уважение.<BR><BR>\r\nОСНОВНЫЕ ПРОПОРЦИИ: <BR>\r\n·	Квадратный формат, при котором высота в холке примерно равна длине туловища. <BR>\r\n·	Длина головы (измеренная от кончика носа до затылка) равна половине длины линии верха (измеренной от холки до основания хвоста). <BR><BR>\r\nПОВЕДЕНИЕ/ ТЕМПЕРАМЕНТ: типичные характеристики этой собаки – добронравие, уравновешенность, неподкупная верность хозяину. У р. отличные зрение, слух, обоняние, высоко развиты интеллект и способности к обучению. Он крепок, вынослив, проворен, устойчив к неблагоприятным погодным условиям и болезням. Его врожденная способность переносить трудности и уверенность в себе делают р. наилучшим компаньоном, спортивной, пользовательской и служебной собакой.<BR><BR>\r\nГОЛОВА<BR>\r\nЧерепная часть.:<BR>\r\nЧереп: крепкий, продолговатый, без заметно выступающего затылочного бугра. Голова должна соответствовать пропорциям собаки. Лоб плоский, без морщин и параллелен спинке носа.<BR>\r\nПереход ото лба к морде(стоп) – хорошо выражен и подчеркнут бровями.<BR>\r\nЛицевая часть:<BR>\r\nНос: хорошо развитая мочка носа с большими ноздрями, всегда черная.<BR>\r\nМорда: заканчивается тупым клином. Прямая спинка носа.<BR>\r\nГубы: черные, тугие и плотно прилегающие к челюстям. Углы губ сомкнуты.<BR>\r\nЧелюсти/зубы: верхняя и нижняя челюсти крепкие. 42 чистых белых зуба в соответствии с зубной формулой, хорошо развитых и плотно смыкающихся в совершенном ножницеобразном прикусе. Жевательная мускулатура хорошо развита, но щеки не должны нарушать прямоугольную форму головы(с бородой).<BR>\r\nГлаза: среднего размера, овальные, прямо посаженные, темные с оживленным выражением. Веки плотно прилегающие, сухие.<BR>\r\nУши: висячие, V-образные с прилегающими к скулам внутренними краями, высокопосаженные и симметричные, повернуты вперед к вискам. Линии сгибов параллельны, не выше верхней точки черепа.<BR>\r\n<BR>ШЕЯ: сильная, мускулистая шея благородно изогнута и плавно переходит в холку. Прочно поставлена, суха, красиво изогнута, соответствует пропорциям собаки. Кожа прилегает плотно, без складок.<BR>\r\n<BR>КОРПУС<BR>\r\nЛиния верха. Слегка покатая от холки к хвосту.<BR>\r\nХолка. Формирует наивысшую точку линии верха.<BR>\r\nСпина. Сильная, короткая, крепкая.<BR>\r\nПоясница. Короткая, сильная и широкая. Расстояние от последнего ребра до бедра короткое, что делает собаку оптически компактной.<BR>\r\nКруп: слегка закруглен, незаметно переходит в основание хвоста.<BR>\r\nГрудная клетка: умеренно широкая, овальная в поперечном сечении, достигает локтей. Форбруст четко обозначен вершиной грудины.<BR>\r\nНижняя линия/живот: бока не втянуты и образуют с нижней стороной грудной клетки красиво поднимающуюся кзади линию.<BR>\r\n<BR>ХВОСТ: естественный.<BR>\r\n<BR>КОНЕЧНОСТИ<BR>\r\nПЕРЕДНИЕ КОНЕЧНОСТИ: При взгляде спереди, мощные, прямые, и не сближены. При взгляде сбоку, предплечья поставлены прямо.<BR>\r\nПлечелопаточная область: крылья лопаток плотно прилегают к грудной клетке, хорошо обмускулены, выступают над остистыми отростками грудных позвонков. Поставлены по возможности косо с наклоном назад, образуя угол около 50 гр к горизонтали.<BR>\r\nПлечо: плечевые кости плотно прилегают к телу, с хорошо развитой мускулатурой, по отношению к лопаткам образуют угол 95-105 градусов.<BR>\r\nЛокти: плотно прижаты к телу, не повернуты ни внутрь, ни наружу.<BR>\r\nПредплечье: при осмотре со всех сторон прямое, хорошо развито и обмускулено.<BR>\r\nЗапястный сустав: крепкий и устойчивый, лишь незначительно выделяющийся в структуре предплечья.<BR>\r\nПясть: вертикальная при взгляде спереди. При взгляде сбоку слегка наклонена к земле; сильная и слегка пружинящая.<BR>\r\nЛапы: короткие, округлые; пальцы сводчатые и хорошо собраны («кошачья лапа»), с короткими темными когтями и прочными подушечками.<BR>\r\nЗАДНИЕ КОНЕЧНОСТИ: стоящие косо при взгляде сбоку и параллельно, но не близко друг к другу, при взгляде сзади.<BR>\r\nБедро: умеренно длинное, широкое и очень хорошо обмускулено.<BR>\r\nКолено: не повернуто ни наружу, ни внутрь.<BR>\r\nГолень: длинная и сильная, с мощными сухожилиями, плавно переходящая в скакательный сустав.<BR>\r\nСкакательный сустав: с очень хорошими углами сочленений, сильный, устойчивый, не повернут ни наружу, ни внутрь.<BR>\r\nПлюсна: короткая, вертикальная.<BR>\r\nЛапы: пальцы короткие, сводчатые и хорошо собраны. Когти черные, короткие.<BR>\r\n<BR>АЛЛЮР/ДВИЖЕНИЯ: Мягкие, элегантные, ловкие, свободные и размашистые. Передние конечности вымахивают вперед возможно дальше, а задние, двигаясь очень размашисто и упруго, обеспечивают толчок необходимой силы. Передняя нога с одной стороны и задняя с другой начинают движение вперед одновременно. Спина, суставы и связки в движении прочны.<BR>\r\n<BR>КОЖА: плотно прилегающая по всему телу.<BR>\r\n<BR>ШЕРСТЬ: <BR>\r\nжесткая, проволокообразная, густая. Состоит из густого подшерстка и не слишком короткой прилегающей к телу ости. Ость грубая и достаточно длинная для определения структуры, не взъерошенная и не волнистая. На конечностях шерсть может быть менее жесткой. На лбу и ушах короткая. Типичны не слишком мягкая борода и кустистые брови, слегка прикрывающие глаза.<BR>\r\n<BR>ОКРАС:<BR>\r\n·	Чисто-черный с черным подшерстком <BR>\r\n·	Перец с солью <BR>\r\nЦелью селекции последнего являются ость среднего тона с равномерно распределенной, яркой «перцовиной» и серый подшерсток. Допустимы все оттенки от темно-стального до серебристо-серого. При любом варианте этого окраса должна иметься темная маска, подчеркивающая выражение и гармоничная с основным окрасом. Четкие светлые отметины на голове, груди или конечностях нежелательны.<BR>\r\n<BR>РОСТ И ВЕС: <BR>\r\nРост: кобели и суки : 60 - 70 см<BR>\r\nВес: кобели и суки : 35 - 47 кг<BR>\r\n<BR>НЕДОСТАТКИ: Любые отклонения от приведенных выше пунктов рассматриваются как недостатки, серьезность которых оценивается соответственно степени их выраженности. В частности: <BR>\r\n·	Слишком маленькая или слишком короткая голова <BR>\r\n·	Круглый или тяжелый череп <BR>\r\n·	Морщины на лбу <BR>\r\n·	Короткая, заостренная или узкая морда <BR>\r\n·	Прямой (клещеобразный) прикус <BR>\r\n·	Сильно выступающие щеки или скуловые дуги <BR>\r\n·	Светлые, слишком большие или маленькие глаза <BR>\r\n·	Низкопосаженные, слишком длинные или несимметрично поставленные уши. <BR>\r\n·	Складки кожи на горле. <BR>\r\n·	Подгрудок, узкий гребень шеи. <BR>\r\n·	Слишком длинная, выпуклая или «мягкая» спина <BR>\r\n·	Прогнутая спина. <BR>\r\n·	Сильно скошенный круп <BR>\r\n·	Постав хвоста с наклоном к голове. <BR>\r\n·	Длинные лапы (стопы). <BR>\r\n·	Иноходь. <BR>\r\n·	Слишком короткая, слишком длинная, мягкая, волнистая, взъерошенная, шелковистая, белая или пятнистая шерсть или другие смешанные окрасы. <BR>\r\n·	Коричневый подшерсток. <BR>\r\n·	В окрасе «перец с солью» - черный «ремень» или «седло» на спине. <BR>\r\n·	Отклонения в росте до 2 см в ту или другую сторону <BR>\r\n<BR>СЕРЬЕЗНЫЕ НЕДОСТАТКИ: <BR>\r\n·	Грубое или легкое телосложение, коротко- или длинноногость <BR>\r\n·	Несоответствие половому типу (например, сука в «кобелином» типе). <BR>\r\n·	Вывернутые локти <BR>\r\n·	Распрямленность или бочкообразный постав задних конечностей. <BR>\r\n·	Скакательные суставы, повернутые внутрь - Х-образный постав задних конечностей. <BR>\r\n·	Отклонения в росте от 2-х до 4-х см в ту или другую сторону <BR>\r\n<BR>ДИСКВАЛИФИЦИРУЮЩИЕ ПОРОКИ:<BR>\r\n·	Трусливое, агрессивное, норовистое, преувеличенно подозрительное, нервозное поведение. <BR>\r\n·	Уродства любого рода. <BR>\r\n·	Недостаточный породный тип. <BR>\r\n·	Дефекты прикуса: недокус, перекус, перекос челюсти. <BR>\r\n·	Грубые дефекты в отдельных статях, такие как дефекты сложения, шерсти и окраса <BR>\r\n·	Отклонения в росте более чем на 4 см в ту или другую сторону <BR>\r\nЛюбая собака, имеющая явные физические или поведенческие недостатки должна быть дисквалифицирована<BR>\r\n<BR>ПРИМЕЧАНИЕ: кобели должны иметь два нормально развитых семенника, полностью опущенных в мошонку.<BR>\r\n<BR>', '');
INSERT INTO `about_breed` (`id`, `page`, `meta_k`, `meta_d`, `title`, `text`, `description`) VALUES
(2, '', '', '', 'История породы ризеншнауцер', '<CENTER><B><FONT size=5><VAR>ИСТОРИЯ РИЗЕНШНАУЦЕРА </FONT></CENTER></B>\r\n<BR><BR><FONT size=4>\r\n&nbsp;&nbsp;&nbsp;&nbsp;&nbsp;&nbsp;&nbsp;&nbsp;<B>Целесообразность и универсальность во всем - так можно определить девиз этой породы .</B><BR><BR>\r\n\r\n&nbsp;&nbsp;&nbsp;&nbsp;&nbsp;&nbsp;&nbsp;&nbsp;Ризеншнауцер (Большой шнауцер)– Всем своим существом и нравом он создан по образу и подобию человека, который сумел остаться жизнерадостным и ребячливым, несмотря на то, что всегда находился в жестокой борьбе с силами природы; а часто и со всепроникающими военными ордами.\r\n    <BR><BR>&nbsp;&nbsp;&nbsp;&nbsp;&nbsp;&nbsp;&nbsp;&nbsp;День Мюнхенской выставки 1909 г. все любители ризеншнауцеров по праву считают официальным днем рождения этой великолепной породы. Именно тогда небольшая группа собак, еще не имевших общепризнанного названия, экспонировалась как самостоятельная порода и вызвала огромный интерес среди зрителей.\r\n<BR><BR>&nbsp;&nbsp;&nbsp;&nbsp;&nbsp;&nbsp;&nbsp;&nbsp;    Столетиями разведение этих собак шло в основном по принципу естественной селекции, при этом лишь лучшие из лучших, самые крепкие и малочувствительные к непогоде могли выдержать напряженную работу в суровом климате.\r\n<BR><BR>&nbsp;&nbsp;&nbsp;&nbsp;&nbsp;&nbsp;&nbsp;&nbsp;    Происхождение ризеншнауцера уходит в глубь веков, и скорее всего невозможно уже точно установить его генеалогию. Несомненно лишь его родство с другими породами пинчеров и шнауцеров. Достаточно известно, что жесткошерстные пинчеры - шнауцеры с древнейших времен разводились жителями предгорий Альп. Это были простые сельские собаки с неброским экстерьером - среднего роста, с жесткой клокастой шерстью разнообразного окраса. Но уже тогда невзрачные эти собаки славились среди крестьян и скотоводов как бесстрашные и неподкупные сторожа и пастухи, отличные гуртогонные собаки, верные и преданные товарищи на трудных и опасных дорогах. Крупные формы шнауцеров, упоминающиеся в кинологической литературе 19 века под названием "баварский волкодав", были особенно популярны среди бродячих ремесленников и торговцев.\r\n    <BR><BR>&nbsp;&nbsp;&nbsp;&nbsp;&nbsp;&nbsp;&nbsp;&nbsp;Постоянный тесный контакт с хозяином, необходимость, всегда быть настороже, неприхотливость и умение приспосабливаться к любым условиям создали тот неповторимый "ризенячий" характер, которым мы восхищаемся и сегодня.\r\n<BR><BR>&nbsp;&nbsp;&nbsp;&nbsp;&nbsp;&nbsp;&nbsp;&nbsp;Тот, кто хочет иметь элегантную, мощную и безупречно работающую собаку, выбирает ризеншнауцера.\r\n   <BR><BR>&nbsp;&nbsp;&nbsp;&nbsp;&nbsp;&nbsp;&nbsp;&nbsp; Свой современный облик, как и название, ризеншнауцер приобрел к началу нашего века. Та группа больших шнауцеров, которая приковала к себе внимание публики на Мюнхенской выставке 1909 г., была в прямом смысле разношерстной компанией. Собаки сильно различались по типу, окрасу и структуре шерсти. В судейском отчете о выставке был особо выделен один кобель - Битру ф. Зендлинг, почти совершенно черный и жесткошерстный. Именно этот пес и стал первым эталоном ризеншнауцера, а внесением его имени в 3 том племенной книги Пинчер-клуба за 1910 г. началась новая, заводская история старинной породы. Первые выставленные собаки были в основном из Мюнхена, и в племенную книгу они были внесены под названием "мюнхенский шнауцер"; название существовало до 1923 г., когда был издан первый стандарт породы, получившей имя "ризеншнауцер". Этот стандарт без каких-либо существенных изменений действует по сей день.\r\n    <BR><BR>&nbsp;&nbsp;&nbsp;&nbsp;&nbsp;&nbsp;&nbsp;&nbsp;На смену природной селекции, которой подвергались предки ризеншнауцеров, пришел целенаправленный отбор по рабочим качествам. Мрачноватая внешность ризена далеко не каждому по вкусу, долгое время из-за нее он не входил в моду, что оказалось пагубным для многих пород собак. В своей книге "Биография ризеншнауцера" доктор Хармс отмечает как огромную удачу тот факт, что первые заводчики ризенов не были поборниками "чистой красоты". Фанатично преданные своей породе, они в кратчайшие сроки добились выдающихся результатов, но, к сожалению, не оставили почти никаких документальных данных о племенной деятельности своих питомников.\r\n    <BR><BR>&nbsp;&nbsp;&nbsp;&nbsp;&nbsp;&nbsp;&nbsp;&nbsp;Легендарный Карл Клуфтингер, владелец племенной станции "Ф. Веттерштейн", долгое время не только не продавал собак, но даже не предоставлял своих кобелей для вязок. Клуфтингер считал торговлю собаками преступлением: это прекрасное животное, по его убеждению, не могло быть предметом продажи. Его Бизи ф. Веттерштейн, победитель 1921 г., начал использоваться в разведении лишь в возрасте 6 лет. Пес мощный, 72 см в холке, Бази восхищал современников красотой линий и элегантностью. Эти качества и сегодня приковывают взгляд к ризеншнауцеру, где бы вы его ни встретили.\r\n    <BR><BR>&nbsp;&nbsp;&nbsp;&nbsp;&nbsp;&nbsp;&nbsp;&nbsp;Второй собакой, которую можно считать основателем породы, стал великолепный Фелс ф. Кинцигталь, из племенной станции доктора Каламинуса. Заводчик разработал свой собственный метод разведения собак, но никого с ним не знакомил и в планы свои не посвящал. Его Фелс демонстрировал совершенно законченный оригинальный тип ризеншнауцера, чужекровный Бази. Кровь этих животных сегодня во всех ризенах и дает те благородные типы, в которых слиты воедино мощь и красота.\r\n    <BR><BR>&nbsp;&nbsp;&nbsp;&nbsp;&nbsp;&nbsp;&nbsp;&nbsp;Усилия по совершенствованию рабочих качеств этих собак увенчались блестящими успехами.\r\n<BR><BR>&nbsp;&nbsp;&nbsp;&nbsp;&nbsp;&nbsp;&nbsp;&nbsp;В 1925 г. ризеншнауцер был признан в Германии служебной породой.\r\n   <BR><BR>&nbsp;&nbsp;&nbsp;&nbsp;&nbsp;&nbsp;&nbsp;&nbsp; Мнение о ризенах как и о непревзойденных рабочих собаках укрепилось после национального турнира 1936 г., проходившего в Бонсдорфе около Берлина. На этом турнире черный ризен Петер, выращенный в школе полицейских собак в Гринхайде, завоевал четыре золотых медали. Ужесточение системы отбора, особенно в Германии, привело в дальнейшем к некоторому ограничению численности и замедлению экстерьерного совершенствования породы. Однако это дало бесспорные результаты в плане развития универсальных рабочих качеств собаки. Сегодня, как и 80 лет назад, во главу угла ставятся рабочие качества ризеншнауцеров. Ради этого приходится иногда жертвовать и долей блеска. Целесообразность и универсальность во всем - так можно определить девиз этой породы.\r\n    <BR><BR>&nbsp;&nbsp;&nbsp;&nbsp;&nbsp;&nbsp;&nbsp;&nbsp;Сейчас популярность ризенов в странах Европы весьма высока, хотя численность их растет далеко не так быстро, как у модных декоративных пород. В США впервые ризены были завезены в 20-х годах нашего века и с тех пор развиваются довольно самобытно.\r\n    <BR><BR>&nbsp;&nbsp;&nbsp;&nbsp;&nbsp;&nbsp;&nbsp;&nbsp;Приблизительно в то же время и отечественная кинологическая литература рекомендовала ризеншнауцера как одну из основных служебных пород. Первые ризеншнауцеры появились в нашей стране в 30-е годы, но это были единичные экземпляры, и племенная работа с ними не велась. В послевоенные годы в питомник "Красная звезда" были завезены несколько ризенов, которые при метизации с эрдельтерьером и ротвейлерами дали начало новой отечественной породе - черному терьеру. Лишь с 70-х годов, когда из ГДР завезли 5 ризенов, началась история развития породы в нашей стране. Акбар ф. Раакзее и его однопометная сестра Анни ф.Раакзее, Айкэ ф.Геттерзишц , Донка ф.д.Вайдмюлле и Янко ф.д.Вальвитцбург по праву считаются родоначальниками отечественных ризеншнауцеров.\r\n    <BR><BR>&nbsp;&nbsp;&nbsp;&nbsp;&nbsp;&nbsp;&nbsp;&nbsp;В 1973 г. в Москве были получены первые пометы, и на Московской выставке 1974 г. впервые были представлены ризены отечественного разведения. Прошло чуть более полутора десятков лет, и эта порода стала одной из самых известных у нас в стране. Энтузиасты успешно разводят ее во многих клубах различных городов. Теперь, проходя с ризеном по улице редко услышишь недоуменное: "Зачем этому догу хвост отрезали?" или "Почему у вас доберман с бородой?"\r\n   <BR><BR>&nbsp;&nbsp;&nbsp;&nbsp;&nbsp;&nbsp;&nbsp;&nbsp; Ризеншнауцер, или шнауцер-гигант - самый крупный среди современных шнауцеров. Самый маленький - цвергшнауцер, а среднего из трех "братьев" - миттельшнауцера - называют еще "стандартным". У этих трех пород очень близкие стандарты, и, за исключением некоторых частностей, все они являются уменьшенной (или увеличенной) копией друг друга.\r\n    <BR><BR>&nbsp;&nbsp;&nbsp;&nbsp;&nbsp;&nbsp;&nbsp;&nbsp;Ризен несколько выше среднего роста (по действующему стандарту высота в холке 60 - 65 см у сук и 65 - 70 см у кобелей), облик его весьма солиден. Это собака квадратного формата с компактным плотным корпусом. Общий вид ризена очень точно охарактеризовал Вернер Юнг: "Правильные пропорции предполагают в ризене мощь и коренастость. Этот тип шнауцера предполагает определенную тяжеловатость, которая, однако, не должна переходить в массивность. Мы не хотим, чтобы он превращался в тяжелоатлета, что ярко выражено у ротвейлера. Ризен должен быть мускулистым, подвижным и молодцеватым, но ни в коем случае не легким, как доберман, который олицетворяет тип спринтера. Таким образом, ризен не должен быть ни тяжело-, ни легкоатлетом, он должен быть просто атлетом..." Хвост щенкам коротко купируют через несколько дней после рождения. Уши также купируют, придавая им естественную треугольную форму. В ряде стран Европы теперь уши обрезать щенкам запрещено, в соответствии с этим внесены поправки в стандарты.\r\n    <BR><BR>&nbsp;&nbsp;&nbsp;&nbsp;&nbsp;&nbsp;&nbsp;&nbsp;В настоящее время существуют лишь два окраса ризена. Чисто черный, в идеальном варианте без какого-либо оттенка другого цвета, с шерстью, блестящей, как вороново крыло. Второй - так называемый "перец с солью", где отдельные черные и белые зоны волос перемешаны так, что общая окраска собаки воспринимается как серая. Выносливость к погодным условиям создается густой и жесткой, словно проволочной, "шубой", надежно предохраняющей собаку не только от снега, дождя или ветра, но также и от ударов или укусов. Шерсть шнауцеров требует специального ухода - тримминга. Этот английский термин имеет значение "приведение в порядок", "подравнивание", "улучшение" и полностью отражает суть работы с шерстью шнауцера. У нас принято этот термин применять лишь к одной стадии работы - периодическому выщипыванию старой шерсти. Это необходимая процедура, так как у жесткожеpстных собак естественная линька затруднена. Отмершие волосы не выпадают и, если их вовремя не удалить, сваливаются и мешают росту новой шерсти. Триммингуют собак обычно два раза в год, приурочивая эту процедуру ко времени естественной линьки. Некоторая сложность в уходе за шерстью полностью окупается элегантным видом правильно подготовленной собаки и чистотой в помещении.\r\n    <BR><BR>&nbsp;&nbsp;&nbsp;&nbsp;&nbsp;&nbsp;&nbsp;&nbsp;Ризен достаточно удобен для содержания даже в небольшой квартире. Но чтобы и он себя хорошо чувствовал в городских условиях, ему необходимы долгие прогулки и постоянный тренинг. Иностранные специалисты рекомендуют содержать ризеншнауцеров в естественных условиях, в питомнике с хорошим выгулом.\r\n    <BR><BR>&nbsp;&nbsp;&nbsp;&nbsp;&nbsp;&nbsp;&nbsp;&nbsp;Так или иначе, ризену совершенно необходим контакт с семьей владельца. Ему смело можно доверить детей, но, как подчеркивает Траутман, при этом необходимо подумать о том, смогут ли они защитить посторонних от защищающего их животного!\r\n   <BR><BR>&nbsp;&nbsp;&nbsp;&nbsp;&nbsp;&nbsp;&nbsp;&nbsp; Для истинного ценителя в своеобразной суровой красоте этой собаки открывается величайшая целесообразность анатомии и механики, рассчитанных на большие нагрузки в самых сложных условиях. Своеобразный механизм движений имеет огромное значение для рабочих свойств ризеншнауцера. Он должен иметь свободный и упругий ход, ни в коем случае не жесткий и не прыгающий, как у терьеров. И в сравнении с овчарками - непревзойденными бегунами на длинные дистанции, чьи качества систематически закреплялись разведением при стадах, у ризена совершенно иная манера двигаться. Он значительно подвижнее, жестче и стремительнее, чем эластично скользящая по следу овчарка. В каждом его движении скрыт импульс невероятной силы. Из состояния полной неподвижности он в одно мгновение бросается в галоп, чтобы нагнать нарушителя, перемахнуть через препятствие или поймать брошенный мяч. Его атаки молниеносны и сокрушительны, а сила и подвижность помогают справиться с любым противником. Эта способность к мгновенному ответу на соответствующий раздражитель в ризеншнауцере особенно ценна. Бесстрашие и "моторность", неприхотливость, общительность и сообразительность - вот те качества, что объединяют всех трех разнокалиберных шнауцеров и делают их отличными компаньонами для самых разных людей. \r\n   <BR><BR>&nbsp;&nbsp;&nbsp;&nbsp;&nbsp;&nbsp;&nbsp;&nbsp;Если мощный ризен - собака преимущественно для молодых энергичных владельцев, то крошка-цверг окажется по силам и пожилому человеку. Однако все шнауцеры - собаки подвижные и темпераментные - требуют тех же качеств от своих хозяев. Они мало подходят любителям полежать на диване, а невыдержанного человека иной раз могут вывести из себя бесконечными выдумками и неуемной энергией.\r\n    <BR><BR>&nbsp;&nbsp;&nbsp;&nbsp;&nbsp;&nbsp;&nbsp;&nbsp;Ризеншнауцер завоевал популярность благодаря взрывному темпераменту, самостоятельности и отваге, отменному чутью и выносливости, удивительной чуткости по отношению к своему хозяину и всем домочадцам. Но эти же качества обязывают владельца такой собаки к ответному вниманию и чуткости, терпению и любви. Хозяин может потребовать от своей собаки все, но и от него требуется многое, ведь только безупречно воспитанный ризен может доставить удовольствие.\r\n    <BR><BR>&nbsp;&nbsp;&nbsp;&nbsp;&nbsp;&nbsp;&nbsp;&nbsp;Крупная прямоугольная голова с выразительными, всегда немного грустными глазами, прикрытыми челкой, усатая и бородатая морда привлекут внимание прохожего. Но мало кто знает, что за своеобразной, чуть вразвалочку, походкой, обычной неторопливостью и обманчивой неуклюжестью скрывается ужасающая сила и молниеносная реакция, определяющие выдающиеся рабочие качества ризена. Вот он весело, играет в мяч с детьми или прыгает за палкой, и, кажется, настолько погружен в игру, что невозможно его отвлечь. Но малейшая опасность, угрожающая любимым хозяевам или их добру, едва слышный призыв, свист превратят добродушного увальня в отважного защитника. Несведущий человек бывает потрясен этим мгновенным преображением, тем, что такой большой мощный зверь оказывается самым нежным и послушным товарищем.\r\n    <BR><BR>&nbsp;&nbsp;&nbsp;&nbsp;&nbsp;&nbsp;&nbsp;&nbsp;Вообще-то говоря, эти собаки своим решительным характером и крепкой нервной системой в сочетании с тонким интеллектом и умом часто ставят в тупик новичков. И верно сказано в одном из руководств, что это собака, вызывающая уважение! Прекрасную характеристику ризеншнауцеру, но и некоторое предостережение его владельцу дает крупнейший специалист по этой породе Карл-Хайнц Траутман из Германии. Он отмечает, что это собака, сильно привязанная к дому и двору, очень любящая детей и игнорирующая мелких собак. Чаще всего - очень недоверчивая и потому требующая дрессировки. Ризен в некоторых случаях проявляет упрямство, чем может заставить своего дрессировщика потерять самообладание, что явно не пойдет на пользу, а скорее всего испортит отношения. Но несмотря на свое упрямство при становлении отношений, ризен очень чуток к тому, кого признал вожаком.\r\n    <BR><BR>&nbsp;&nbsp;&nbsp;&nbsp;&nbsp;&nbsp;&nbsp;&nbsp;Правда, кобели после достижения ими половой зрелости иногда проверяют, насколько сильны их позиции. Если они при этом побеждают, его дальнейшая дрессировка наталкивается на большие, подчас непреодолимые трудности. Ведь именно упрямство побуждает их не отступать с однажды завоеванных позиций. Но если воспитание строится не на топании ногами, не на ударах со стороны вышедшего из себя дрессировщика, а на обдуманном воздействия разумно мыслящего человека, то можно добиться прекрасных результатов.\r\n   <BR><BR>&nbsp;&nbsp;&nbsp;&nbsp;&nbsp;&nbsp;&nbsp;&nbsp;Ризен обладает уникальной работоспособностью, и для полноценной жизни ему необходимо движение и постоянный контакт с близкими людьми. Чем больше от ризена требуют, тем лучше он становится. С тем же энтузиазмом, с каким он работает на дрессировочной площадке, ваш ризен принесет тапочки, поможет донести из магазина сумку, поиграет с детьми или посторожит оставленные на его попечении вещи. Он готов на все ради вас. И каждый, кто близко узнает этого умницу и работягу, навсегда отдает ему сердце.\r\n\r\n\r\n\r\n<BR><BR>&nbsp;&nbsp;&nbsp;&nbsp;&nbsp;&nbsp;&nbsp;&nbsp;<B>История развития этой породы в России </B>насчитывает всего немногим более тридцати пяти лет. Хотя первые представители ризеншнауцеров появились в нашей стране еще в 30-е годы, это были единичные экземпляры и племенная работа с ними не велась. \r\n<BR><BR>&nbsp;&nbsp;&nbsp;&nbsp;&nbsp;&nbsp;&nbsp;&nbsp;Лишь в начале 70-х годов из ГДР были завезены 5 ризеншнауцеров, которые и стали родоначальниками существующего поголовья этой породы в нашей стране. Четыре собаки: Акбар ф. Раакзее-03467, Анни ф. Раак-зее-03470 (влад. питомник «Красная звезда»), Айкэ ф. Геттерзишец-03420 (влад. Проклова) и Донка ф. д. Вайдмюлле-03551 (влад. Грошев) были привезены в Москву, а Янко ф. д. Валльвитцбург-03495 (влад. Максимова) — в Ленинград. С тех пор и до настоящего времени клубы Москвы и Ленинграда являются основными центрами разведения ризеншнауцеров в СССР. \r\n<BR><BR>&nbsp;&nbsp;&nbsp;&nbsp;&nbsp;&nbsp;&nbsp;&nbsp;В 1973 г. в Москве были получены первые пометы, а на Московской выставке 1974 г. впервые вышли на ринг ризеншнауцеры отечественного разведения. Самым удачным оказалось сочетание Акбара ф. Раакзее с Айкэ ф. Геттерзишц. Первый же их помет дал таких собак, как победителя Московских выставок 1976—1979 гг., лучшего производителя 1981 г. Ай-Риз-Рена (влад. Коржаков) и призера выставок и соревнований по дрессировке Ай-Риз-Беста (влад. Уразова). Вязку Акбара с Айкэ повторили еще дважды. Суки, полученные в этих пометах, стали основным племенным ядром при дальнейшем развитии породы. Особенно выдающейся производительницей стала уже упоминавшаяся Ай-Риз-Рена. Эта сука, давшая пять пометов от кобелей различного происхождения, стойко передавала свои желательные качества экстерьера: крепкий костяк, очень породную голову, хорошую жесткую шерсть. Среди ее потомков четыре победителя многих Московских выставок: Оле-Рикель (влад. Иванов), Оле-Ролинг (влад. Хлопов), Оле-Нестор (влад. Фокина), Оле-Арес (влад. Новиков). \r\n<BR><BR>&nbsp;&nbsp;&nbsp;&nbsp;&nbsp;&nbsp;&nbsp;&nbsp;Вторым направлением в первые годы разведения было использование Янко ф. д. Валльвитцбурга. От вязок Янко с Анни ф. Раакзее, а также с Донкой ф. д. Вайдмюлле для племенного использования были допущены два кобеля: Никон (влад. Николаева) и Донг-Джин (влад. Степанов). Лучшим из них был Никон. Он и стал основным производителем, продолжившим линию Янко, который в сочетании с дочерьми Акбара и Айкэ дал целую плеяду высококлассных собак: победителя Московской выставки 1978 г. Герни-Икара (влад. Богданов), победителя Ленинградских городских выставок 1980—1982 гг. Герни-Ильвера (владелец Седых), Оле-Ежи (влад. Волкова) и др. \r\n<BR><BR>&nbsp;&nbsp;&nbsp;&nbsp;&nbsp;&nbsp;&nbsp;&nbsp;Из-за однородности кровей нашего небольшого в те годы поголовья питомник «Красная звезда» провел вязку двух однопометников: Акбара и Анни ф. Раакзее. В результате такого близкородственного инбридинга был получен великолепный кобель, ставший победителем Москвы 1978—1980 гг. Дарк-Риш (влад. Касимова). Среднего роста, идеального квадратного формата, с породной головой и прекрасной оброслостью, Дарк-Риш бесспорно был лидером тех лет. К сожалению, из-за отсутствия сук постороннего происхождения, племенное использование его было крайне осложнено. Большой интерес представляет вязка Дарка-Риш с его дочерью Ютой-Рид (влад. Колобова, г. Горький). Этот помет, полученный в результате тесного инбридинга 1-—11 на инбридного же кобеля, оказался весьма удачным. В Москву была привезена очень породная сука Дорис (влад. Головкина), во многом сохранившая тип и достоинства своего отца. Из мужских продолжателей этой линии можно отметить Блица (влад. Рудашевская, г. Ленинград) и Устина-Чарм (влад. Филиппов). \r\n<BR><BR>&nbsp;&nbsp;&nbsp;&nbsp;&nbsp;&nbsp;&nbsp;&nbsp;Итак, подводя итоги первых лет племенной работы с породой, следует отметить, что основной костяк сегодняшнего поголовья создали производители, вывезенные из ГДР. Первые собаки, как правило, далеко не соответствовали идеалу ризеншнауцера: имели примитивный экстерьер, простые головы, низкие ноги. Но при подборе пар в то время стремились обеспечить умеренные инбридинги на победителя ГДР 1964 г. Беро ф. д. Валль-витцбурга-01881, победителя ГДР 1965—1966 гг. Этцеля ф. Хаммерхольца-02071, Акселя ф. д. Валльвитцбурга-01739, Эксо ф. Роззеггерхаус-988. В результате были получены собаки, близкие по типу к популярным в ГДР производителям 60-х годов. \r\n<BR><BR>&nbsp;&nbsp;&nbsp;&nbsp;&nbsp;&nbsp;&nbsp;&nbsp;В те годы требовалось прежде всего увеличить поголовье и заложить основные направления в работе с породой. \r\n<BR><BR>&nbsp;&nbsp;&nbsp;&nbsp;&nbsp;&nbsp;&nbsp;&nbsp;Для расширения генофонда в 1973 г. из ГДР были завезены три однопометника из питомника «ф. Аска-ния»: Диана (влад. Самойлов), Дакс (влад. Королева) и Донка (влад. Балакшеева). Эти собаки имеют весьма интересную родословную и происходят от победителя ГДР 1973 г. Кая ф. д. Штейнсбурга-03314. Однако, хотя их сестра Дикси ф. Аскания-04275 стала в 1976 г. победителем ГДР, ее однопометники, привезенные в нашу страну, имели серьезные экстерьерные недостатки: Дакс—минимальную оброслость, а Диана обладала несколько связанными движениями задних конечностей, Донка — неправильный прикус (перекус) и в племенном разведении не использовалась. Диана и Дакс использовались довольно широко. Их потомкам свойствен высоконогий тип, длинные головы с чуть сглаженным переходом и иногда излишней скуластостью, жесткая прямая шерсть с достаточной оброслостью. В племенном разведении использовались три их лучших сына: победитель Оле-Ролинг (влад. Хлопов), Десмокки-Алекс (влад. Лифанова), Норд-Алекс (влад. Холева). К существенным недостаткам потомков «ф. Аскания» следует отнести прежде всего недостатки в строении задних конечностей: короткую голень, сближенность скакательных суставов, связанные движения. \r\n<BR><BR>&nbsp;&nbsp;&nbsp;&nbsp;&nbsp;&nbsp;&nbsp;&nbsp;В 1975 г. из ГДР были привезены еще четыре однопометника из племенной станции «ф. Виркер Парк»: Гайнар (влад. Герасимова), Габи (влад. Николаева) — остались в Москве, а Герро и Галя (влад. Намм) были увезены в Ленинград. Использование новых производителей внесло некоторую разрядку в однородное поголовье, но отличных экстерьерных результатов не дало, так как привезенные собаки имели серьезные недостатки. \r\n<BR><BR>&nbsp;&nbsp;&nbsp;&nbsp;&nbsp;&nbsp;&nbsp;&nbsp;При интенсивном использовании Гайнара в каждом помете наблюдался значительный процент отхода по прикусам, неполнозубию и крипторхизму. Кроме того, потомкам «ф. Виркер Парк» свойственны слабые хрящи ушей. Лучшим потомком Гайнара является победитель клубной выставки, 1982 г., победитель Москвы-84 Оле-Арес (влад. Новиков), полученный в сочетании с Ай-Риз-Реной (влад. Коржаков). Этот кобель довольно активно использовался, хотя наряду с несомненными положительными экстерьерными качествами (длинная, правильных линий голова, черная жесткая шерсть) среди его потомков, как и потомков его отца, имелись крипторхи. \r\n<BR><BR>&nbsp;&nbsp;&nbsp;&nbsp;&nbsp;&nbsp;&nbsp;&nbsp;Обладающая желательным типом Габи ф. Виркер Парк дала четыре помета, но, к сожалению, близких к ней по фенотипу потомков получено не было. Наиболее интересны три ее сына: Гай-Николь (влад. Груза, г. Ленинград), Макс-Николь (влад. Нюжгирова) и Саур-Николь (влад. Клещев). \r\n<BR><BR>&nbsp;&nbsp;&nbsp;&nbsp;&nbsp;&nbsp;&nbsp;&nbsp;Весьма удачным оказался неоднократно повторенный кросс двух линий: «ф. Аскания» и «ф. Виркер Парк». Так, в результате вязки Десмокки-Алекса (влад. Лифанова) с Гетой-Николь (влад. Журавлев) была получена высокопородная сука Урга-Жульен (влад. Са-довникова), а при сочетании Саура-Николь с Кассан-дрой-Хайфай (влад. Гаврин) —дочерью Дакса ф. Аскания—близкий к идеалу кобель Эль-Фагот-Сандра (влад. Петухов). \r\n<BR><BR>&nbsp;&nbsp;&nbsp;&nbsp;&nbsp;&nbsp;&nbsp;&nbsp;От ленинградской производительницы Гали ф. Виркер Парк было получено пять пометов. Наиболее удачным из них следует считать полученный в результате дважды повторенной вязки с упоминавшимся ранее Дарк-Ришем (влад. Касимова). Лучшим их сыном, использовавшимся в племенном разведении, является Блиц (влад. Рудашевская, г. Ленинград). Позже интересный помет был получен от вязки Гали с Десмокки-Алексом, в котором вновь был повторен кросс «ф. Аскания» — «ф. Виркер Парк». В ряде случаев успешными оказались вязки с умеренным инбридингом на родительскую пару «ф. Виркер Парк» — Артуса ф. Захсенринг-02869 — Хелла ф. д. Валльвитцбург-03943. \r\n<BR><BR>&nbsp;&nbsp;&nbsp;&nbsp;&nbsp;&nbsp;&nbsp;&nbsp;Среди ризеншнауцеров немецкого происхождения необходимо отметить потомков Дона ф. Сант Барбара (влад. Шпагин). Сам Дон, заинбридированный II—III на победителя ГДР 1965—1966 гг. Этцеля ф. Хаммер-хольц-02071, не отличался выдающимися экстерьерными данными. Это был очень крупный, костистый, грубого сложения кобель, обладающий длинной, несколько грубоватой головой, жесткой черной шерстью и хорошими конечностями. Использование Дона в сочетании с суками отечественного разведения дало хорошие результаты. Его потомкам присущи характерные черты самого Дона: мощный костяк, длинные головы, прекрасная шерсть, отличные движения, несколько прямоватый круп. Особенно приятно отметить отсутствие дисквалифицирующих пороков, поражавших значительную часть потомков многих импортных производителей (неполнозубие, неправильный прикус, крипторхизм). Из его многочисленных детей можно выделить неоднократного призера выставок Рика-Блонд (влад. Скобликов), Арго-Черный-Шайтан (влад. Духанина), Алан-Юна (влад. Куница). Лучшими его дочерьми являются победитель Риги 1984 г. Вента-Гай (влад. Васильев) и Альдонса-Юна (влад. Домнич). \r\n<BR><BR>&nbsp;&nbsp;&nbsp;&nbsp;&nbsp;&nbsp;&nbsp;&nbsp;Наибольшего расцвета порода достигла во второй половине 70-х годов, когда началось активное внедрение в породу сразу трех разнокровных кобелей из ГДР, ЧССР и Венгрии. Все три производителя резко отличались от имеющихся собак как по фенотипу, так и гено-типически и сыграли огромную роль в формировании облика отечественных ризеншнауцеров. Их использование внесло разрядку в имевшийся однородный по происхождению племенной материал и позволило создать несколько внутрипородных типов. \r\n<BR><BR>&nbsp;&nbsp;&nbsp;&nbsp;&nbsp;&nbsp;&nbsp;&nbsp;Начало племенной деятельности кобеля из ЧССР, победителя клубной выставки 1981 г. Арана-Дикеса (влад. Роменский) было не совсем удачным. Поэтому использовался он ограниченно, с исключением ранее допущенных при подборе ошибок. Аран-Дикес получен в тесном инбридинге II—II на известного европейского производителя Карата ф. Лоббахталя-20918. \r\n<BR><BR>&nbsp;&nbsp;&nbsp;&nbsp;&nbsp;&nbsp;&nbsp;&nbsp;Высококлассных мужских продолжателей своей линии Аран не дал, хотя два его сына широко использовались в разведении — это однопометники от Анни ф. Ра-акзее — победитель Московской городской выставки ДОСААФ 1981 г. Дакбар (влад. Чуфарова) и Галс (влад. Пономарев). \r\n<BR><BR>&nbsp;&nbsp;&nbsp;&nbsp;&nbsp;&nbsp;&nbsp;&nbsp;Большинству потомков Арана были свойственны разнообразные недостатки экстерьера и пороки. Самые существенные из них неполнозубие, крипторхизм, пороки окраса (проявляющиеся как при инбридингах разных степеней, так и в аутбредных сочетаниях): белые пятна на груди, рыжий или седой подпал, гетерозиготным носителем которого являлся Аран. \r\n<BR><BR>&nbsp;&nbsp;&nbsp;&nbsp;&nbsp;&nbsp;&nbsp;&nbsp;В 1977 г. началось племенное использование венгерского производителя Фюзи Альмира Мавра-791 (влад. Лордкипанидзе). Оно дало хорошие результаты главным образом за счет великолепного помета от победителя Ай-Риз-Рены (влад. Коржаков), в котором были получены однотипные высокопородные собаки, неизменно занимавшие призовые места в рингах, такие, как лучший производитель 1983 г. Оле-Наина (влад. Юдина), призер выставок Оле-Ночь (влад. Генералов), победитель многих выставок и соревнований по дрессировке Оле-Нестор (влад. Фокина). Но наряду с исключительной породностью Мавр передавал и некоторые свои недостатки, например длинную поясницу. Кроме того, среди его потомков встречается довольно большое количество неполнозубых собак (отсутствие Р\\ и Р^)'' Этот же порок наблюдался и в пометах, полученных от основного продолжателя линии Фюзи Альмира Мавра — Оле-Нестора, и других его прямых потомков последующих генераций. \r\n<BR><BR>&nbsp;&nbsp;&nbsp;&nbsp;&nbsp;&nbsp;&nbsp;&nbsp;Уже после использования в разведении первого венгерского производителя Фюзи Альмира Мавра были получены собаки с интересным внутрипородным типом, резко отличающиеся от ризеншнауцеров немецкого происхождения. После активного использования Хараппаи Арамиса-1252 (влад. Хлопов), второго производителя, вывезенного из Венгрии в 1978 г., был закреплен новый для нас тип, условно названный в то время «венгерским», а также исправлены недостатки в строении корпуса, свойственные потомкам Мавра (удлиненные, выпуклые поясницы). \r\n<BR><BR>&nbsp;&nbsp;&nbsp;&nbsp;&nbsp;&nbsp;&nbsp;&nbsp;Хараппаи Арамис является сыном прекрасного производителя из ФРГ, многократно использовавшегося в Европе, победителя Дерби-Бальбо Бубу ф. Гловна-410. Арамис — крупный, прекрасно физически развитый кобель с длинной правильных линий головой, отличным корпусом, свободными, легкими движениями. Он обладает как отличным экстерьером, так и хорошими рабочими качествами. На Московской выставке 1982 г. Ха-раппаи Арамис получил звание чемпиона. Он многократно выставлялся, неизменно становясь лидером любого ринга. Этот кобель проявил себя также выдающимся производителем, стойко передающим свои лучшие качества и успешно сочетающимся с суками различного происхождения. Среди его лучших потомков победитель многих выставок Бархан-Лан (влад. Григорьев), его однопометницы Бланка-Лан (влад. Ткаченко) и Бесси-Лан (влад. Косырева, Мухтаров); Нью-Фонс (влад. Ку-зовлева), победительница Московских выставок Верта-Альдо (влад. Мухамеджанов), Оле-Лана (влад. Дегтев, Комарова), Патри-Тобби (влад. Врублевский) и его сестры Патри-Трефа (влад. Рожкова) и Патри-Терри (влад. Хараш), а также большое количество других вы-сококлассных собак, тип которых стал в начале 80-х годов ведущим в породе. \r\n<BR><BR>&nbsp;&nbsp;&nbsp;&nbsp;&nbsp;&nbsp;&nbsp;&nbsp;Однако наряду с выдающимися положительными качествами этого производителя необходимо отметить и некоторые недостатки, присущие его потомкам. Обладая ножницеобразным прикусом, Арамис передавал его своим потомкам, у которых тот в ряде случаев с возрастом переходил в прямой. Кроме того, часто наблюдается растянутый формат, а также бурый подшерсток. \r\n<BR><BR>&nbsp;&nbsp;&nbsp;&nbsp;&nbsp;&nbsp;&nbsp;&nbsp;В результате использования перечисленных выше производителей в начале 80-х годов в породе ризеншнауцер сложились два типа, отличающихся экстерьерно и генеалогически, однако связанные друг с другом единым материнским гнездом. \r\n<BR><BR>&nbsp;&nbsp;&nbsp;&nbsp;&nbsp;&nbsp;&nbsp;&nbsp;Собаки немецкого происхождения — компактные, квадратного формата, с прочной спиной и жесткой черной шерстью. К их недостаткам следует отнести в первую очередь недостатки в строении задних конечностей, связанные движения, простоватые головы, а также часто недостаточно развитую оброслость. \r\n<BR><BR>&nbsp;&nbsp;&nbsp;&nbsp;&nbsp;&nbsp;&nbsp;&nbsp;Собаки венгерского происхождения — как правило, с прекрасными конечностями и свободными движениями, с длинными, правильной формы головами, но зачастую имеющие растянутый формат и бурый подшерсток. \r\n<BR><BR>&nbsp;&nbsp;&nbsp;&nbsp;&nbsp;&nbsp;&nbsp;&nbsp;Эти две группы удачно дополняли друг друга при кроссах, что позволило в короткий срок значительно повысить общий экстерьерный уровень наших ризеншнауцеров. \r\n<BR><BR>&nbsp;&nbsp;&nbsp;&nbsp;&nbsp;&nbsp;&nbsp;&nbsp;В то же время использование импортных кобелей на однородном маточном поголовье приводило к вынужденным инбридингам на исходных производителей. \r\n<BR><BR>&nbsp;&nbsp;&nbsp;&nbsp;&nbsp;&nbsp;&nbsp;&nbsp;Завоз в нашу страну еще двух производителей из ГДР рождения 1980 г. Криса ф. Рортайха-7635 (влад. Бурова, г. Ленинград) и Арраса ф. Наскуса-8018 (влад. Агапов) не смог в нужной степени разрядить обстановку, так как они в своих родословных восходят к тем же старым немецким производителям, что и большинство наших собак. \r\n<BR><BR>&nbsp;&nbsp;&nbsp;&nbsp;&nbsp;&nbsp;&nbsp;&nbsp;Племенная деятельность Криса ф. Рортайха началась с 1982 г. С тех пор от него получено довольно большое количество щенков хорошего экстерьерного уровня. Щенки от Криса, как правило, фенотипически схожи с ним: это крупные, мощные собаки, высоконогие, с хорошим корпусом и жесткой черной шерстью — они являются характерными представителями «немецкого» типа ризеншнауцеров. К их недостаткам относятся: некоторая грубость сложения, коротковатые голени, а также нередко недостаточная оброслость на морде и конечностях. \r\n<BR><BR>&nbsp;&nbsp;&nbsp;&nbsp;&nbsp;&nbsp;&nbsp;&nbsp;В свою очередь, Аррас ф. Наскус фенотипически также сходен с другими собаками немецкой группы и обладает аналогичными достоинствами и недостатками. К сожалению, использование его весьма ограничено, так как в большинстве пометов от него был получен большой процент щенков с пороками зубной системы. \r\n<BR><BR>&nbsp;&nbsp;&nbsp;&nbsp;&nbsp;&nbsp;&nbsp;&nbsp;Несколько позже из ГДР была привезена сестра Арраса из следующего помета — Бадди ф. Наскус-8420 (влад. Филиппов), от которой был получен один помет. \r\n<BR><BR>&nbsp;&nbsp;&nbsp;&nbsp;&nbsp;&nbsp;&nbsp;&nbsp;Наконец, последний из плеяды собак, вывезенных из ГДР,—Ксамбо ф. Гибико-10419 (влад. Барковская). Он также не является чужекровным по отношению к нашему поголовью. К сожалению, он обладает отчетливо выраженными связанными движениями задних конечностей, что, с учетом генотипа наших собак, должно сильно ограничивать его племенное использование. \r\n<BR><BR>&nbsp;&nbsp;&nbsp;&nbsp;&nbsp;&nbsp;&nbsp;&nbsp;В последние годы из-за рубежа была привезена целая группа очень перспективных собак, которые, мы надеемся, помогут не только улучшить поголовье, но и расчленить породу на отдельные генеалогические линии, что до настоящего времени не удалось сделать. Родословные всех этих собак восходят к общему стволу лучших европейских ризеншнауцеров и предоставляют широкие комбинационные возможности. \r\n<BR><BR>&nbsp;&nbsp;&nbsp;&nbsp;&nbsp;&nbsp;&nbsp;&nbsp;В 1983 г. из Венгрии был привезен Шашвари-Ярд-3146 (влад. Куценко). По экстерьеру этот кобель близок к старонемецкому типу. В его родословной встречаются такие распространенные для нашего поголовья производители, как Эксо ф. Роззеггерхаус (ГДР), Аргус з Дворго Колейвего (Венгрия), Карат ф. Лоббахталь (ЧССР). В 1985 г. от Шашвари-Ярда были получены первые щенки. Говорить о результатах его племенной деятельности еще рано. Дальнейшее использование этого кобеля целесообразно на суках венгерского типа. \r\n<BR><BR>&nbsp;&nbsp;&nbsp;&nbsp;&nbsp;&nbsp;&nbsp;&nbsp;Из ЧССР в последние годы были привезены два кобеля: Луки Черни Пантер-33182 (влад. Литвин, г. Полтава) и Цезар Слунечни Папрсек-36183 (влад. Коваленко). \r\n<BR><BR>&nbsp;&nbsp;&nbsp;&nbsp;&nbsp;&nbsp;&nbsp;&nbsp;От Луки Черни Пантер получен всего один помет. Дальнейшее использование этого импортного производителя прекращено, так как он не имеет выставочной оценки и дипломов по дрессировке. \r\n<BR><BR>&nbsp;&nbsp;&nbsp;&nbsp;&nbsp;&nbsp;&nbsp;&nbsp;Второй производитель из ЧССР—Цезар Слунечни Папрсек—получил широкое племенное использование с 1985 г. Наиболее перспективным является помет от вывезенной из Польши Коры Славиа-39611 (влад. Филиппов) . К сожалению, в этом помете было получено всего три щенка (два кобеля и одна сука). Целью данного подбора было получение собак отечественного разведения с обособлением польско-чехословацких кровей и целенаправленным инбридингом на интернационального чемпиона—Драка от Альп-1184(70)72. В результате накопления кровей данного популярного производителя есть надежда закрепить желательный тип этого выдающегося предка. \r\n<BR><BR>&nbsp;&nbsp;&nbsp;&nbsp;&nbsp;&nbsp;&nbsp;&nbsp;В 1985 г. из Польши в Москву привезен еще один интересный кобель, несущий крови лучших производителей ЧССР, ФРГ и Польши—Астор Ли-Ми-47006 (влад. Лифанова). \r\n<BR><BR>&nbsp;&nbsp;&nbsp;&nbsp;&nbsp;&nbsp;&nbsp;&nbsp;Все перечисленные собаки имеют самые тесные генеалогические связи с основным ядром породы и несут крови наиболее популярных и хорошо зарекомендовавших себя производителей. Племенное использование этих собак началось совсем недавно, и мы надеемся, что с их помощью отечественным кинологам удастся получить и в дальнейшем закрепить прекрасные качества этих ризеншнауцеров. \r\n<BR><BR>&nbsp;&nbsp;&nbsp;&nbsp;&nbsp;&nbsp;&nbsp;&nbsp;Подводя итоги нашему обзору, можно отметить, что в настоящее время в России создано значительное поголовье ризеншнауцеров высокого качества. Порода, считавшаяся в нашей стране редкой, стала популярной во многих городах. \r\n<BR><BR>&nbsp;&nbsp;&nbsp;&nbsp;&nbsp;&nbsp;&nbsp;&nbsp;Однако с породой предстоит вести серьезную работу с целью обособления генеалогических групп и закрепления в популяции отечественных ризеншнауцеров нескольких внутрипородных типов. \r\n<BR><BR>&nbsp;&nbsp;&nbsp;&nbsp;&nbsp;&nbsp;&nbsp;&nbsp;Учитывая случаи выявления среди потомков племенных ризеншнауцеров крипторхов и неполнозубых собак, следует усилить внимание к этим порокам и системной племенной работой резко снизить эти пороки среди ризеншнауцеров.', '');
INSERT INTO `about_breed` (`id`, `page`, `meta_k`, `meta_d`, `title`, `text`, `description`) VALUES
(3, '', '', '', 'Ризеншнауцер. Кто он ?', '<CENTER><B><FONT size=5><VAR>РИЗЕНШНАУЦЕР. Кто он ?</FONT></CENTER></B>\r\n<BR><BR><FONT size=4>\r\n    <BR><BR>&nbsp;&nbsp;&nbsp;&nbsp;&nbsp;&nbsp;&nbsp;&nbsp;Несмотря на угрюмую внешность, ризен – собака очень общительная и контактная. Он чрезвычайно привязан к своим владельцам, прекрасно знает не только членов семьи, но и всех друзей и хороших знакомых, а также соседей. Он бурно радуется общению с людьми из «своей стаи» и готов активно их защищать. К животным, живущим с ними под одной крышей, в том числе и к другим собакам, даже взрослые кобели обычно относятся терпимо.\r\n<BR><BR>&nbsp;&nbsp;&nbsp;&nbsp;&nbsp;&nbsp;&nbsp;&nbsp;К детям, особенно выросшим с ними в одном доме, ризен относится очень нежно, хотя и несколько покровительственно. Он с удовольствием принимает участие в игре, хотя излишне шумных игр не одобряет, подчеркнуто тщательно выполняет команды юного хозяина, но лишь до тех пор, пока тому ничего не угрожает. Поэтому, отпуская ребенка с ризеном на прогулку, стоит подумать, будет ли эта прогулка безопасна для окружающих.\r\n<BR><BR>&nbsp;&nbsp;&nbsp;&nbsp;&nbsp;&nbsp;&nbsp;&nbsp;Выносливые и трудолюбивые, ризены легко обучаются самым различным службам и навсегда запоминают полученные навыки. Мгновенная реакция, взрывной темперамент производят на людей, незнакомых с этой породой, огромное впечатление. Вот он только что весело скакал за палочкой или играл в мяч, но лишь появилась малейшая угроза ( иногда мнимая) обожаемому хозяину, и ризен превращается в жестокого агрессора, готового сразиться с любым врагом. Но угроза миновала, и вновь возле вас ласковый и добродушный пес. Столь резкие переходы от веселья к агрессии , от полного спокойствия к мгновенной атаке в зависимости от складывающейся ситуации делают ризеншнауцера одной из лучших служебных собак, но при этом требуют от его владельца определенных душевных качеств.\r\n<BR><BR>&nbsp;&nbsp;&nbsp;&nbsp;&nbsp;&nbsp;&nbsp;&nbsp;Некоторую сложность, особенно для нетерпеливого дрессировщика, представляет активная любознательность и живость молодого ризеншнауцера. Лишь проявив максимум терпения и упорства при работе с ним, вы станете владельцем рассудительной, послушной и дисциплинированной собаки. Хорошо воспитанный ризеншнауцер не должен проявлять беспричинную агрессивность, тем более страх, как в отношении к людям, так и к другим собакам. В процессе дрессировки ему требуется любящая, но твердая рука владельца.\r\n<BR><BR>&nbsp;&nbsp;&nbsp;&nbsp;&nbsp;&nbsp;&nbsp;&nbsp;Неукротимая страсть к порядку помогла ризеншнауцеру завоевать авторитет лучшей полицейской собаки. Работая в паре с проводником, он выступает в роли равноправного партнера, причем в отличие от собак других пород, ризен работает сообразно ситуации, зачастую не дожидаясь команд человека. Об этой особенности ризеншнауцера необходимо помнить всем владельцам, ибо именно на этом основывается встречающееся иногда мнение собаководов о трудно прогнозируемом его поведении. Будьте внимательны к своей собаке, учитесь понимать её и вы будете вознаграждены общением со смышленым, самостоятельным и инициативным существом. Конечно, это требует не только доброжелательного, но и разумно строгого подхода к воспитанию ризена со щенячьего возраста. Тогда он будет приятен и безопасен не только для вас, но и для всех окружающих. Ризеншнауцер обладает чрезвычайно развитым интеллектом и от его владельца требуется, по крайней мере, не меньший.\r\n<BR><BR>&nbsp;&nbsp;&nbsp;&nbsp;&nbsp;&nbsp;&nbsp;&nbsp;К незнакомым людям ризеншнауцер относиться нейтрально, а иногда и вполне дружелюбно, но только в том случае, если они ведут себя, с точки зрения собаки, скромно и сдержанно. Однако даже владелец не всегда может предсказать, какой шаг гостя ризен расценит как угрожающий и требующий немедленного пресечения. Поэтому, когда к вам в дом приходят посторонние, ризена лучше убрать. Где бы вы ни оказались с ризеншнауцеров – в гостях, на прогулке, он всегда будет стремиться активно охранять вас, ваше имущество, ту территорию, на которой в данный момент находиться, и себя. Поэтому очень важно так воспитать собаку, чтобы вы в любой момент могли контролировать его поведение.\r\nДремлющий в ризене с давних пастушеский инстинкт заставляет его бдительно следить за хозяевами на прогулке, с громким лаем носиться по лесу, куда вы всей семьей отправились за грибами, требуя, чтобы все собрались на одной поляне; бросаться за автобусом, на котором уезжают заходившие к вам в гости знакомые. Лучшие минуты жизни для ризена – вечером дома, когда наконец-то все домочадцы собрались под одной крышей.\r\n<BR><BR>&nbsp;&nbsp;&nbsp;&nbsp;&nbsp;&nbsp;&nbsp;&nbsp;Ризеншнауцер обладает на редкость крепкой нервной системой и очень пластичным поведением, легко приспосабливается к жизни в самых разных условиях и к любой обстановке. Он вполне доволен жизнью в городской квартире, но гораздо лучше чувствует себя на открытом воздухе, где, как его далекие предки, с удовольствием охраняет двор и сад. Однако во всех случаях необходимо соблюдать два требования: поддержание достаточно напряженной физической нагрузки и постоянное, как можно более продолжительное общение с владельцем. Лучше всего это сочетается при занятиях дрессировкой и спортивными состязаниями с участием собак ( например многоборье), работой по охране каких-либо объектов или просто достаточно продолжительных прогулках.\r\n<BR><BR>&nbsp;&nbsp;&nbsp;&nbsp;&nbsp;&nbsp;&nbsp;&nbsp;Еще раз напомним: ризеншнауцер – собака, предназначенная для работы, и любую работу он выполняет с энтузиазмом. Не стоит заводить эту породу людям малоподвижным, домоседам или тем, у кого нет возможности достаточно времени уделять собаке. Бурный темперамент ризена, не находя выхода, будет побуждать его к самым неподходящим играм в самые неподходящие моменты, а его активность будет действовать на нервы людям чувствительным. Ризены медленно взрослеют и до старости сохраняют жизнерадостность и подвижность.\r\n<BR><BR>&nbsp;&nbsp;&nbsp;&nbsp;&nbsp;&nbsp;&nbsp;&nbsp;Ризен, с которым мало общаются, не способен во всем блеске проявить свой интеллект, а при отсутствии хорошего контакта с хозяином, это весьма самостоятельное животное может прийти к выводу, что считаться с ним вовсе не обязательно.\r\n<BR><BR>&nbsp;&nbsp;&nbsp;&nbsp;&nbsp;&nbsp;&nbsp;&nbsp;Отношения с ризеншнауцером должны строиться на взаимном уважении. Каждый ризен – яркая и неповторимая индивидуальность и к каждому требуется свой личностный подход.\r\n<BR><BR>&nbsp;&nbsp;&nbsp;&nbsp;&nbsp;&nbsp;&nbsp;&nbsp;В некоторых отношениях ризен может проявить редкое упорство и тем, нередко, выводит своего воспитателя из себя. Однако это обычно приносит мало пользы и только может серьезно осложнить отношения. К побоям ризены относятся достаточно равнодушно и только моральный авторитет и терпение помогут вам подчинить его себе и добиться послушания. Как писал один из известных знатоков этой породы Карл-Хайнц Траутман: «…тот, кто владеет высшим классом дрессировки, когда воспитание заключается не в топанье и ударах не владеющего собой дрессировщика, а в обдуманных действиях разумно мыслящего человека, тот … достигнет прекрасных результатов».\r\n<BR><BR>&nbsp;&nbsp;&nbsp;&nbsp;&nbsp;&nbsp;&nbsp;&nbsp;Воспитание ризеншнауцера, особенно кобеля, должно быть авторитарным. Кобели по достижению ими половой зрелости порой проверяют свои позиции в «стае» и стремятся завоевать положение вожака. Если им удается добиться своего, то дальнейшее воспитание и дрессировка станут практически невозможны. Самое главное в данной ситуации – не упустить нужный момент!\r\n<BR><BR>&nbsp;&nbsp;&nbsp;&nbsp;&nbsp;&nbsp;&nbsp;&nbsp;Любая агрессия по отношению к хозяину или к любому члену семьи должно пресекаться немедленно в любом возрасте. Причем наказание должно быть отнють не символическим, а настолько чувствительным, чтобы пес правильно его оценил и поостерегся в дальнейшем пускать в ход зубы. Конечно, это ни в коем случае не значит, что надо постоянно лупить щенка, иногда его достаточно резко встряхнуть за шиворот, главное, чтобы наказание было немедленным и неотвратимым. Может показаться странным, но еще большие сложности при воспитании ризеншнауцера заключаются для многих владельцев в том, что обладая высокоразвитым интеллектом и природной смекалкой, ризен далеко не всегда вступает в открытый конфликт со своим хозяином, что так часто проявляется у представителей многих крупных пород. Гораздо чаще все происходит в значительно более мягкой форме. Просто в какой-то момент послушный до сих пор щенок вдруг перестает подходить к вам на зов, или упорно залезает на диван, где ему запрещено лежать, или наотрез отказывается выполнить хорошо знакомую команду и так далее. При этом он пристально следит за вашей реакцией. Как вы к этому отнесетесь? Может быть, вам надоест с ним бороться и вы отступите первым? И как только вы спустите один проступок, он тут же попробует что-нибудь другое, а потом еще и еще, а упорства и изобретательности ризену не занимать. И вот вы с недоумением спрашиваете себя, как же получилось, что еще недавно такая дисциплинированная и покладистая собака теперь совершенно вас не слушается. И вы вспомните тот первый случай, когда у вас недостало характера, или желания, или терпения настоять на своем и вы упустили, может быть, самый важный момент в воспитании вашего питомца.\r\n<BR><BR>&nbsp;&nbsp;&nbsp;&nbsp;&nbsp;&nbsp;&nbsp;&nbsp;Отношение к ризеншнауцеру должно быть прежде всего последовательным и разумным . При правильном взаимопонимании с ним легче договориться по- хорошему, чем добиться чего-либо «из-под палки», Ризен всегда стремится понять, чего вы от него добиваетесь, и поняв, искренне радуется этому.\r\n<BR><BR>&nbsp;&nbsp;&nbsp;&nbsp;&nbsp;&nbsp;&nbsp;&nbsp;Итак, решив завести ризеншнауцера, проанализируйте сначала критически свои возможности и подумайте, хватит ли у вас характера и сил, чтобы успешно воспитать его.\r\n<BR><BR>&nbsp;&nbsp;&nbsp;&nbsp;&nbsp;&nbsp;&nbsp;&nbsp;Ризеншнауцер, по сравнению с породами, измеряющими свою историю веками, порода молодая. Однако за годы её существования, энтузиастами и любителями ризенов была проведена громадная работа, увенчавшаяся созданием совершенной рабочей собаки, по праву восхищающей каждого, кто познакомиться с ней поближе.\r\n<BR><BR>&nbsp;&nbsp;&nbsp;&nbsp;&nbsp;&nbsp;&nbsp;&nbsp;К счастью, ризеншнауцер никогда не был модной собакой, его не заводили ради престижа случайные покупатели. Благодаря этому удалось сберечь все то, что было заложено в нем природой и усовершенствовано человеком. Хотелось бы надеяться, что и в дальнейшем его судьба будет находиться в руках истинных знатоков и ценителей собаководов, сумеющих сохранить и приумножить то богатство выдающихся качеств, которыми наделен ризеншнауцер.\r\n<BR><BR>&nbsp;&nbsp;&nbsp;&nbsp;&nbsp;&nbsp;&nbsp;&nbsp;Лифанова О.Б.\r\n', ''),
(4, '', '', '', 'Как продлить жизнь Вашему питомцу', '<BR><CENTER><B><FONT size=5><VAR>Как продлить жизнь Вашему питомцу\r\n</FONT><BR><FONT size=4>\r\n<BR><CENTER><B><FONT size=4><VAR>(кинолог, судья международной категории)</FONT><BR><FONT size=4>&nbsp;&nbsp;&nbsp;&nbsp;&nbsp; Владимир Круковер</FONT></CENTER></B>\r\n<BR><BR><FONT size=4><BR><BR></CENTER></B>&nbsp;&nbsp;&nbsp;&nbsp;&nbsp; Грусть и боязнь скорого расставания с домашним любимцем часто не вполне обоснованы. \r\nВ 75% собаки, которые считаются очень дряхлыми, чуть ли не умирающими, на самом деле просто запущены неумелым уходом, а их немощность вызвана так же запущенными хроническими болезнями. При грамотном, квалифицированном уходе они обретают “вторую молодость” и живут долго и бодро.\r\n<BR><BR>&nbsp;&nbsp;&nbsp;&nbsp;&nbsp;&nbsp;&nbsp;&nbsp;Какие же факторы вызывают преждевременную старость? Их три: неправильное питание, запущенные хронические болезни и малоподвижный образ жизни.\r\nОговоримся, для людей эти три фактора не менее пагубны, чем для собак. Но, если человек в своих бедах виноват сам, то собака страдает по вине хозяина. \r\n<BR><BR>&nbsp;&nbsp;&nbsp;&nbsp;&nbsp;&nbsp;&nbsp;&nbsp;О, женщины, закармливающие карликового терьера или болонку пирожными! О, ленивые “собаковредители”, не позволяющие псу вдоволь набегаться, поплавать! О, невежественные “собакогубители”, не обращающие внимание на недомогание своего друга! Именно вы сокращаете жизнь животного, обрекаете его на немощность, и, в конечном итоге, предаете его!\r\n<BR><BR>&nbsp;&nbsp;&nbsp;&nbsp;&nbsp;&nbsp;&nbsp;&nbsp;Диета — не пустое слово, еще великий Авицена ибн Сина излечивал ОДНОЙ ЛИШЬ ДИЕТОЙ от ста двадцати болезней. И, если человек по ленности и невежественности сам рационально питаться не способен, то ограничить собаку от вредной и мертвой пищи он может без особого труда.\r\n<BR><BR>&nbsp;&nbsp;&nbsp;&nbsp;&nbsp;&nbsp;&nbsp;&nbsp;Среди запрещенных к употреблению продуктов — крупчатая мука, белый хлеб, рафинированный сахар, очищенный рис, любые консервы. Старайтесь кормить свою собаку только натуральными продуктами! \r\n<BR><BR>&nbsp;&nbsp;&nbsp;&nbsp;&nbsp;&nbsp;&nbsp;&nbsp;Еще один простенький рецепт. Больным животным надо больше пить и больше мочиться. В ряде случаев серьезных заболеваний еда имеет меньшее значение, чем питье. Желудок не в состоянии переварить нужное количество концетрированной еды. Поэтому больной должен питаться жидкими продуктами.\r\n<BR><BR>&nbsp;&nbsp;&nbsp;&nbsp;&nbsp;&nbsp;&nbsp;&nbsp;Если он пьет «нейтральную» жидкость, такую, как вода, то она не только без пользы занимает место в желудке, но и, разбавляя желудочную кислоту, замедляет пищеварение и увеличивает нагрузку сердца. Наоборот, диуретический (мочегонный) напиток стимулирует работу почек и, следовательно, способствует выводу лишней воды из организма. Тем самым он снимает с сердца лишние нагрузки.\r\n<BR><BR>&nbsp;&nbsp;&nbsp;&nbsp;&nbsp;&nbsp;&nbsp;&nbsp;Самые сильные мочегонные средства — сырые соки свежих фруктов и свежих овощей. \r\nСледует отметить, что сок апельсинов, яблок и других фруктов содержит сто частей калия на одну часть натрия. Отсюда получается, что при приеме соков из организма «вымывается» накопленная в тканях соль (хлористый натрий). Поэтому чем большее количество этих соков выпито, тем быстрее уменьшается в организме содержание соли и воды.\r\n<BR><BR>&nbsp;&nbsp;&nbsp;&nbsp;&nbsp;&nbsp;&nbsp;&nbsp;Впрочем, все это весьма индивидуально. И требует более подробного анализа. Поэтому еще пару советов. Во-первых, не забудьте для начала провести у хорошего ветврача подробный анализ и осмотр состояния вашей собаки. Только потом, сообразуясь с его рекомендациями и советами этой статьи приступайте к омоложению пса. \r\n<BR><BR>&nbsp;&nbsp;&nbsp;&nbsp;&nbsp;&nbsp;&nbsp;&nbsp;Во-вторых, не пренебрегайте различными биостимуляторами. Пантокрин (вытяжка из рогов оленя), лимонник, женьшень, золотой корень...\r\n<BR><BR>&nbsp;&nbsp;&nbsp;&nbsp;&nbsp;&nbsp;&nbsp;&nbsp;Кроме натуральных стимуляторов существуют группы витаминно-минеральных веществ. Их прием (в инъекциях и орально) весьма полезен, но прежде надо посоветоваться с врачом.\r\n<BR><BR>&nbsp;&nbsp;&nbsp;&nbsp;&nbsp;&nbsp;&nbsp;&nbsp;Третий кит, как мы уже договорились, — еда без вреда. Считаю своим долгом напомнить, что “как полопаешь, так и потопаешь”. Старую собаку надо кормить меньшими по объему порциями, но чаще. Обычно собак кормят один-два раза в сутки. Теперь придется подавать им качественную пищу три-четыре раза. Воду частично заменить соками. Исключить из рациона мучные изделия, животные жиры, соль и сладости. Крупы (если собака к ним привыкла) исключить частично, на две трети. Увеличить объем овощной пищи.\r\n<BR><BR>&nbsp;&nbsp;&nbsp;&nbsp;&nbsp;&nbsp;&nbsp;&nbsp;Еще несколько слов о физических нагрузках. Очень трудно приучить шуструю, рабочую собаку к неспешным прогулкам. Она из кожи вон лезет, чтоб показать хозяину свою профпригодность. То за палкой несется, как щенок, то кота на столб загонит, за неимением других зверей поблизости. Поэтому не провоцируйте ее на поспешность и суету. Ведите себя сами несколько замедленно. Места для выгула выбирайте спокойные, малообитаемые. И приготовьтесь к тому, что по “делам” старую собаку придется выводить чаще. Ей мучительно трудно терпеть, как раньше. И напачкать ужасно совестно...', ''),
(5, '', '', '', 'Темперамент - генетика или среда ? ', '<CENTER><B><FONT size=5><VAR>ТЕМПЕРАМЕНТ - ГЕНЕТИКА ИЛИ СРЕДА ? <BR><FONT size=3>Сюзанна Аргуелло, Государственный университет штата Колорадо в Форт Коллинз, США \r\n</FONT></CENTER></B>\r\n<FONT size=4>\r\n    <BR><BR>&nbsp;&nbsp;&nbsp;&nbsp;&nbsp;&nbsp;&nbsp;&nbsp;Что означает термин «темперамент»? Обычно он используется для описания индивидуальности собаки, хотя сам по себе является совершенно неопределенным. Темперамент может быть описан с использованием таких слов как: агрессивный, настороженный, уверенный, игривый, порочный, нежный, интеллектуальный, и так далее. Но все эти термины неточны прежде всего потому, что по мнению одного человека эта собака уже является агрессивной, а по мнению другого - еще нет. Кроме того, агрессивность - только один аспект «темперамента» собаки. \r\n<BR><BR>&nbsp;&nbsp;&nbsp;&nbsp;&nbsp;&nbsp;&nbsp;&nbsp;Агрессивная собака может быть (но может и не быть) еще и «трусливой». Более точный и информативный способ описания характера собаки состоит в том, чтобы описывать специфическое поведение собаки, проявляющееся в специфических условиях. С таким подходом, описание характера собаки должно быть многомерно. Дэниел Тортора в своей книге «Правильная собака для Вас» (Daniel Tortora «The Right Dog for You») описывает 16 параметров характера собак с детальными вариациями в каждом из них. Примеры из этих 16 параметров включают поведение в доме, поведенческое постоянство, доминантное отношение к чужим собакам, способность к социализации, способность к обучению, охранные качества и т.д. Каждый из этих 16 параметров изменяется по значениям от очень высокого до очень низкого. Например, Тортора очень высоко оценил бы по своим параметрам, стандартных шнауцеров в отношении поведения этих собак дома, поведенческого постоянства, доминантном отношении к чужим собакам, способностям к обучению и охранным качествам. Хотя категории Торторы и его ранжирование темперамента собак любой породы могут быть оспорены, его метод использования конкретных категорий для описания характера собак, несомненно, полезен. Таким образом, термин «темперамент» фактически относится к поведению собак. \r\n<BR><BR>&nbsp;&nbsp;&nbsp;&nbsp;&nbsp;&nbsp;&nbsp;&nbsp;Рассматривая типы поведения, или характер собак, нужно помнить, что собаки принадлежат к семейству Canidae, вместе с лисами, шакалами, волками и койотами. Некоторые черты характера собак типичны для этого семейства в целом, однако, собаки - по определению Canis familians, и, следовательно, имеют свои специфические черты характера и поведения, которые отличаются от волков, койотов, и других членов семейства. Существует также и породная специфика темперамента и поведения собак, что может подтвердить любой, кто хоть немного знаком с миром чистопородных собак. И, наконец, каждая собака - индивидуум, чье поведение зависит как от генетического вклада родителей, так и от условий и типа среды, с которой столкнулась определенная собака со дня своего рождения. \r\n<BR><BR>&nbsp;&nbsp;&nbsp;&nbsp;&nbsp;&nbsp;&nbsp;&nbsp;Странно слышать, как некоторые «знатоки» заявляют, что не существует никакого генетического влияния на поведение и характер. Эксперты в области поведения диких животных уже давно считают, что фактически любое проявляющееся поведение и темперамент - это результат как генетических факторов, так и влияния окружающей среды. В каждом конкретном случае, специфическое поведение определенного индивидуума может быть результатом, прежде всего врожденных качеств, и может лишь немного измениться под воздействием окружающей среды или обучения, и - совсем наоборот. Тот факт, что существуют отличия в специфике поведения, характерные для определенных кровных линий, а также определенных пород собак является чистым доказательством генетического влияния на характер и поведение. Обычно критика этого тезиса профессиональными заводчиками заключается в том, что слишком часто разведение собак основано, прежде всего, на экстерьере, безотносительно к темпераменту или характеру собак. К сожалению, это нередко действительно имеет место. Очень просто найти оправдание плохому характеру или темпераменту щенков, ссылаясь только на проблемы окружающей среды, - то щенка купили очень рано, или очень поздно, то владельцы щенка неопытны или просто безразличны и т.д., и т.д. Но такие оправдания игнорируют тот факт, что генетическая тенденция развития определенных проблем с темпераментом существует независимо и сама по себе, а уж влияние окружающей среды только помогает проявиться этим проблемам. \r\n<BR><BR>&nbsp;&nbsp;&nbsp;&nbsp;&nbsp;&nbsp;&nbsp;&nbsp;Если тенденция развития проблем с темпераментом передается при разведении из поколения в поколение, - требуется все меньшее и меньшее воздействие окружающей среды для проявления этих проблем. Как аналогия, дисплазия - генетический порок развития, который можно только усилить благодаря влиянию окружающей среды, например, большим количеством физических нагрузок, которые получает собака в определенные этапы своего развития. Никакой ответственный заводчик не будет заниматься разведением собак с дисплазией, поскольку параметры окружающей среды не могут изменить переданного по наследству состояния. Преобладание мотивированной агрессии является поведением, вызываемым генетическими факторами. Так, некоторые породы собак (например: чау-чау, немецкие овчарки, ротвейлеры), более часто проявляют этот тип поведения, чем другие. Вероятность проявления такого поведения развивается в собаке, пока она находится без контроля человека, и чаще всего зависит от того, как собака выращена. Собаки, отличающиеся таким поведением, часто используются в разведении, поскольку считается, что плохое выращивание и дрессировка - единственная причина проблемы. Однако, поскольку частое проявления мотивированной агрессии характерно для определенных пород собак, очевидно, что генетический компонент и этих проблем поведения существует, и поведенческая тенденция - генетическая. Если бы это не было истиной, не удалось бы создать то разнообразие пород собак для специализированных целей существующее сегодня. И хотя преобладание мотивированной агрессии, вероятно меньше зависит от генетических факторов, чем дисплазия, это совсем не означает, что поведение и темперамент являются следствием только влияния окружающей среды. \r\n<BR><BR>&nbsp;&nbsp;&nbsp;&nbsp;&nbsp;&nbsp;&nbsp;&nbsp;В любом случае, решение использовать или нет в разведении определенную собаку, должно приниматься только после тщательного взвешивания относительной важности ее положительных и отрицательных качеств. Очевидно и то, что некоторые породы собак подвержены генетическим проблемам больше, чем другие. Иногда кажется, что проблемы с темпераментом больше свойственны собакам любых других пород, но только не той, которой сам занимаешься. Тем не менее, результаты недавнего анкетного опроса показали, что более половины (60%) опрошенных заводчиков отметили, что темперамент - качество, которое они хотели бы улучшить в своих программах разведения. Очень легко просто приписывать хороший характер щенков хорошему разведению, а плохой - влиянию «среды». В действительности, «темперамент» - сложный термин, и факторы, влияющие на определенное специфическое поведение собак, которые мы называем их «характером» включают, как генетические, так и внешние компоненты. Темперамент, характер собак, и его генетический компонент, никогда не должны игнорироваться в программах чистопородного разведения собак любой породы. \r\n<BR><BR><BR><BR>&nbsp;&nbsp;&nbsp;&nbsp;&nbsp;&nbsp;&nbsp;&nbsp;Из журнала «Pepper ''N Salt», SSC of America, v.37, №178. Перевод В. Слипченко\r\n', '');
INSERT INTO `about_breed` (`id`, `page`, `meta_k`, `meta_d`, `title`, `text`, `description`) VALUES
(6, '', '', '', 'Тримминг и уход за шерстью ризеншнауцера', '<CENTER><B><FONT size=5><VAR>ТРИММИНГ И УХОД ЗА ШЕРСТЬЮ РИЗЕНШНАУЦЕРА</FONT></CENTER></B>\r\n<FONT size=4>\r\n    <BR><BR>&nbsp;&nbsp;&nbsp;&nbsp;&nbsp;&nbsp;&nbsp;&nbsp;Ризеншнауцеры относятся к жесткошерстным собакам. Их шерсть жесткая, проволокообразная является одним из основных породных признаков, поэтому ей так много уделяется внимания. В отличии от других типов шерсти, шерсть жесткошерстных собак обладает особенностью роста до конкретной длины и к определенному моменту она, "созревая", отми рает, но не выпадает самостоятельно, так как у шнауцеров естественная линька практически отсутствует . Период "созревания" шерсти у всех собак индивидуальный и колеблется в пределах от 4-х до 9 месяцев с момента последнего тримминга.\r\n<BR><BR>&nbsp;&nbsp;&nbsp;&nbsp;&nbsp;&nbsp;&nbsp;&nbsp;Несвоевременный уход за шерстью ризеншнауцера, а зачастую незнание элементарных правил по уходу за ней, приводит к тому, что собака полностью меняет свой облик, становится "дворнягой", создавая неправильное представление о породе.\r\n<BR><BR>&nbsp;&nbsp;&nbsp;&nbsp;&nbsp;&nbsp;&nbsp;&nbsp;Тримминг - это искусственное удаление и обработка шерсти Ризеншнауцера. Включает в себя щипку и стрижку шерсти с требованиями стандарта по данной породе. Триммингуют собак 2-3 раза в год независимо от сезона.\r\n<BR><BR>&nbsp;&nbsp;&nbsp;&nbsp;&nbsp;&nbsp;&nbsp;&nbsp;В течение последних нескольких лет полностью изменились сроки подготовки ризеншнауцера к выставочному сезону, который теперь проходит в течение всего года, а не весной (май) и осенью (сентябрь), как раньше. Тримминговать ризеншнауцера можно в любое время года, что естественно облегчило работу мастеров.\r\n<BR><BR>&nbsp;&nbsp;&nbsp;&nbsp;&nbsp;&nbsp;&nbsp;&nbsp;Всевозможная дополнительная литература, видеокассеты выставок ведущих европейских питомников и новое веяние моды в стрижках шнауцеров дало широкое "поле" деятельности наших мастеров по триммингу, косметической стрижке, что способствует в целом коренному изменению облика породы в лучшую сторону.\r\n<BR><BR>&nbsp;&nbsp;&nbsp;&nbsp;&nbsp;&nbsp;&nbsp;&nbsp;Могу с уверенностью сказать, что триммингуя и делая затем косметическую стрижку ризеншнауцера, можно сгладить довольно часто встречающиеся недостатки:\r\n<BR><BR>&nbsp;&nbsp;&nbsp;&nbsp;&nbsp;&nbsp;&nbsp;&nbsp;а) мелкая, впалая грудь, живот "с подрывом";\r\n<BR><BR>&nbsp;&nbsp;&nbsp;&nbsp;&nbsp;&nbsp;&nbsp;&nbsp;б) переслежина, выпуклая поясница;\r\n<BR><BR>&nbsp;&nbsp;&nbsp;&nbsp;&nbsp;&nbsp;&nbsp;&nbsp;в) скошенный круп;\r\n<BR><BR>&nbsp;&nbsp;&nbsp;&nbsp;&nbsp;&nbsp;&nbsp;&nbsp;г) короткое, узкое бедро, саблистость;\r\n<BR><BR>&nbsp;&nbsp;&nbsp;&nbsp;&nbsp;&nbsp;&nbsp;&nbsp;д) скуластость, непараллельность линии лба и морды, затянутый переход, тонкая шея и т.д.\r\n<BR><BR>&nbsp;&nbsp;&nbsp;&nbsp;&nbsp;&nbsp;&nbsp;&nbsp;Выставочная карьера ризеншнауцера в процентном соотношении на мой взгляд выглядит так:\r\n<BR><BR>&nbsp;&nbsp;&nbsp;&nbsp;&nbsp;&nbsp;&nbsp;&nbsp;60%  -	породность;\r\n<BR><BR>&nbsp;&nbsp;&nbsp;&nbsp;&nbsp;&nbsp;&nbsp;&nbsp;25%  -	темперамент;\r\n<BR><BR>&nbsp;&nbsp;&nbsp;&nbsp;&nbsp;&nbsp;&nbsp;&nbsp;10%  -	тримминг и косметическая стрижка;\r\n<BR><BR>&nbsp;&nbsp;&nbsp;&nbsp;&nbsp;&nbsp;&nbsp;&nbsp;5%  -	работа хэндлера.\r\n<BR><BR>&nbsp;&nbsp;&nbsp;&nbsp;&nbsp;&nbsp;&nbsp;&nbsp;Что же такое 60% - получается, если ризен не очень правильно анатомически сложен, обладает комплексом недостатков, но при этом на нем достаточно уборного волоса, то мастер хорошей квалификации, работая над этой собакой, сможет вывести ее в лидеры любой выставки.\r\n<BR><BR>&nbsp;&nbsp;&nbsp;&nbsp;&nbsp;&nbsp;&nbsp;&nbsp;Попросту говоря, мастер своими руками может создать хорошую иллюзию картинки правильного строения ризеншнауцера, тем самым обмануть эксперта, владельца и зрителей, полностью изменив собаку стрижкой.\r\n<BR><BR>&nbsp;&nbsp;&nbsp;&nbsp;&nbsp;&nbsp;&nbsp;&nbsp;Работая, как мастер, с каждым разом возникает желание делать Ризеншнауцеров только высокого класса, подчеркивая триммингом и косметической стрижкой их красоту и гармоничность, создавать законченность линий и пропорций.\r\n<BR><BR>&nbsp;&nbsp;&nbsp;&nbsp;&nbsp;&nbsp;&nbsp;&nbsp;Каждая собака требует индивидуального подхода, пора понять многим владельцам, что нельзя и невозможно стричь всех одинаково. Схожесть Ризеншнауцеров по стрижке обычно сводится к тому, что либо их делал один мастер, либо они схожи по типу шерсти.\r\n<BR><BR>&nbsp;&nbsp;&nbsp;&nbsp;&nbsp;&nbsp;&nbsp;&nbsp;"Рука мастера", ее индивидуальность и особенность угадывается на расстоянии. Это как визитная карточка на всю жизнь. Одним из выдающихся профессиональных мастеров по триммингу и косметической стрижке является Селиверстова Ольга вл. питомника "Глорис". Полученные при правильном разведении и подготовленные ею собаки узнаваемы везде, являются лидерами на всех выставках.\r\n<BR><BR>&nbsp;&nbsp;&nbsp;&nbsp;&nbsp;&nbsp;&nbsp;&nbsp;Нигде, как в России, наблюдается полнейший "хаос" с шерстью ризеншнауцера. Чем обусловлен большой разброс в качестве и количестве шерсти на собаке? Что лучше - жесткие, лысые ничем не привлекательные собаки или красивая, но с мягкой шерстью?\r\n<BR><BR>&nbsp;&nbsp;&nbsp;&nbsp;&nbsp;&nbsp;&nbsp;&nbsp;процентное соотношение может измениться в зависимости оттого, в каком питомнике приобретена собака и кем готовилась к выставке.\r\n <BR><BR>&nbsp;&nbsp;&nbsp;&nbsp;&nbsp;&nbsp;&nbsp;&nbsp;С точки зрения стандарта ризеншнауцера у всех шерсть должна быть одинаковой, но в жизни, на практике встречается несколько самых распространенных типов шерсти, которые я описала, как нужно правильно ухаживать за ней и готовить к выставкам.\r\n<BR><BR>&nbsp;&nbsp;&nbsp;&nbsp;&nbsp;&nbsp;&nbsp;&nbsp;I. Нормальная, жесткая, густая, прямая ость с черным подшерстком.\r\n<BR><BR>&nbsp;&nbsp;&nbsp;&nbsp;&nbsp;&nbsp;&nbsp;&nbsp;а) Такой тип шерсти является характерным стандартным признаком для ризеншнауцера. Шерсть блестящая, плотно прилегающая, толстая, на ощупь жесткая, проволокообразная. Создает истинный облик шнауцера. (Иногда, в отдельных случаях, наличие жесткой, черной шерсти на собаке не всегда может отвечать за ее породность.)\r\n<BR><BR>&nbsp;&nbsp;&nbsp;&nbsp;&nbsp;&nbsp;&nbsp;&nbsp;В щенячьем возрасте очень часто в 3-6 мес, происходит интенсивный рост белых волос по телу животного. Такой волос очень толстый, плохо выщипывается, но является в дальнейшем признаком хорошей жесткой ости. Со временем, после 4-5 триммингов белые волосы исчезнут совсем.\r\n<BR><BR>&nbsp;&nbsp;&nbsp;&nbsp;&nbsp;&nbsp;&nbsp;&nbsp;6) Триммингуется легко за 2-2,5 месяца до выставки. Процедура тримминга со стрижкой длится 3-3,5 часа. Не требует дополнительной специальной обработки, кроме каждодневного расчесывания карчеткой или расческой.\r\n<BR><BR>&nbsp;&nbsp;&nbsp;&nbsp;&nbsp;&nbsp;&nbsp;&nbsp;в) Косметическая стрижка проводится за 7-5 дней до выставки.*\r\n<BR><BR>&nbsp;&nbsp;&nbsp;&nbsp;&nbsp;&nbsp;&nbsp;&nbsp;II. Нормальная, жесткая ость с волной и черным подшерстком.\r\n<BR><BR>&nbsp;&nbsp;&nbsp;&nbsp;&nbsp;&nbsp;&nbsp;&nbsp;а) Отличительной особенностью такого типа шерсти является "волна", которая бывает незначительной или очень крутой, последняя не очень желательна для ризеншнауцера.\r\n<BR><BR>&nbsp;&nbsp;&nbsp;&nbsp;&nbsp;&nbsp;&nbsp;&nbsp;Триммингуется легко за 2 месяца до выставки. Процедура тримминга и стрижки длится 3-3,5 часа. Через 3-4 недели шерсть ризеншнауцера подстригается машинкой по контуру тримминга. Иногда такой прием помогает избежать крутой "волны" по корпусу.\r\n<BR><BR>&nbsp;&nbsp;&nbsp;&nbsp;&nbsp;&nbsp;&nbsp;&nbsp;б) Перед выставкой за 2-3 дня волну по шерсти убирают филировочными ножницами, косметическая стрижка за 7-5 дней до выставки.\r\n<BR><BR>&nbsp;&nbsp;&nbsp;&nbsp;&nbsp;&nbsp;&nbsp;&nbsp;в) Мыть или купать полностью собаку нельзя. От воды излом или волна будет еще круче, придавая РИЗЕНШНАУЦЕРУ неряшливый вид.\r\n<BR><BR>&nbsp;&nbsp;&nbsp;&nbsp;&nbsp;&nbsp;&nbsp;&nbsp;III. Нормальная жесткая шерсть с бурым или серым подшерстком.\r\n<BR><BR>&nbsp;&nbsp;&nbsp;&nbsp;&nbsp;&nbsp;&nbsp;&nbsp;а) Для такого типа шерсти характерен "цветной" подшерсток. Ярко выраженный в щенячьем возрасте, является сильным генетическим наследственным признаком. Замечено, что правильный \r\n<BR><BR>&nbsp;&nbsp;&nbsp;&nbsp;&nbsp;&nbsp;&nbsp;&nbsp;тримминг помогает частично, а иногда и полностью избавиться от бурого или серого цвета подшерстка ризеншнауцера.\r\n<BR><BR>&nbsp;&nbsp;&nbsp;&nbsp;&nbsp;&nbsp;&nbsp;&nbsp;Хочется обратить внимание, что цвет подшерстка определяет яркость и насыщенность черного цвета ости. Только на первый взгляд все ризеншнауцеры черного цвета. Черный цвет может варьировать от тускло-черного до иссине-черного цвета (цвет воронова крыла).\r\n<BR><BR>&nbsp;&nbsp;&nbsp;&nbsp;&nbsp;&nbsp;&nbsp;&nbsp;б) Триммингуется за 2-2,5 месяца до выставки. Процедура тримминга и стрижки длится 3-3,5 часа.\r\n<BR><BR>&nbsp;&nbsp;&nbsp;&nbsp;&nbsp;&nbsp;&nbsp;&nbsp;Через 3-4 недели обязательная стрижка густого  подшерстка машинкой  по контуру тримминга. Стрижка поможет избавиться от обильного цветного быстрорастущего подшерстка и усилить рост ости.\r\n<BR><BR>&nbsp;&nbsp;&nbsp;&nbsp;&nbsp;&nbsp;&nbsp;&nbsp;в) По мере роста шерсти собаку вычесывают триммингом с мелкими зубцами, специальной пуходеркой и или подручным материалом - металлическим мелким полотном (пилочка по металлу).\r\n<BR><BR>&nbsp;&nbsp;&nbsp;&nbsp;&nbsp;&nbsp;&nbsp;&nbsp;г) Обратить внимание на сбалансированное питание собаки, многие импортные корма (избыток йода), а так же морковь, свекла, тыква могут влиять на цвет подшерстка.\r\n<BR><BR>&nbsp;&nbsp;&nbsp;&nbsp;&nbsp;&nbsp;&nbsp;&nbsp;д) косметическая стрижка за 10-7 дней до выставки.\r\n<BR><BR>&nbsp;&nbsp;&nbsp;&nbsp;&nbsp;&nbsp;&nbsp;&nbsp;IV. Нормальная жесткая, прямая редкая ость.\r\n<BR><BR>&nbsp;&nbsp;&nbsp;&nbsp;&nbsp;&nbsp;&nbsp;&nbsp;а) Триммингуется легко за 2,5-3 месяца до выставки. Процедура тримминга и стрижки 2,5-3 часа. Ризеншнауцеры с такой шерстью обрастают очень медленно, обычно имеют мало уборного волоса на морде и ногах. Этот волос очень жесткий, ломкий, торчащий в разные стороны, придает собаке неряшливый вид. Подшерстка практически не бывает, или его очень мало. В некоторых случаях у собак с таким типом шерсти голова, бедра покрыты сильно кучерявой остью, которая на ощупь напоминает "паклю" и не изменяет своей структуры в течение всей жизни.\r\n<BR><BR>&nbsp;&nbsp;&nbsp;&nbsp;&nbsp;&nbsp;&nbsp;&nbsp;Усы и борода требуют внимательного ухода. После еды необходимо уборный волос мыть теплой водой, промакивая бороду мягким полотенцем, а не вытирать, прилагая максимум усилий. Расчесывать только в сухом виде редкой расческой. Для смягчения ости обрабатывают специальными средствами по уходу за животными (норковый спрей, облепиховое масло и т.д.).\r\n<BR><BR>&nbsp;&nbsp;&nbsp;&nbsp;&nbsp;&nbsp;&nbsp;&nbsp;Выщипывание уборного волоса на морде и ногах поможет изменить цвет шерсти, но в целом не увеличит длину и объем ости у собаки.\r\n<BR><BR>&nbsp;&nbsp;&nbsp;&nbsp;&nbsp;&nbsp;&nbsp;&nbsp;6) Рекомендуется за день или в день выставки вымыть собаку полностью, чтобы придать ей больший объем.\r\n<BR><BR>&nbsp;&nbsp;&nbsp;&nbsp;&nbsp;&nbsp;&nbsp;&nbsp;в) Косметическая стрижка за 10-7 дней до выставки.\r\n<BR><BR>&nbsp;&nbsp;&nbsp;&nbsp;&nbsp;&nbsp;&nbsp;&nbsp;Выставочный сезон длится 6-7 месяцев.\r\n<BR><BR>&nbsp;&nbsp;&nbsp;&nbsp;&nbsp;&nbsp;&nbsp;&nbsp;V. Нормальная, очень густая и жесткая ость с подшерстком.\r\n<BR><BR>&nbsp;&nbsp;&nbsp;&nbsp;&nbsp;&nbsp;&nbsp;&nbsp;а) Волос средней толщины, очень густой плот но прилегающий. Триммингуется тяжело за 1,5-2 месяца до выставки, шерсть отходит плохо, поэтому необходимо соблюдать сроки созревания ости, чтобы не травмировать собаку.\r\n<BR><BR>&nbsp;&nbsp;&nbsp;&nbsp;&nbsp;&nbsp;&nbsp;&nbsp;При щипке такой волос издает характерный звук, напоминающий "хруст". Подшерсток частично триммингуется, либо совсем нет. С таким качеством шерсть непрофессионально обработанная триммин гом обычно сечется, а не выщипывается, что естественно неправильно и недопустимо. Процедура трим минга и стрижки 3,5-4,5 часа.\r\n<BR><BR>&nbsp;&nbsp;&nbsp;&nbsp;&nbsp;&nbsp;&nbsp;&nbsp;б) Через 3-4 недели подшерсток подстригается машинкой по контуру тримминга. Косметическая стрижка за 5 дней до выставки. Выставочный сезон длится 3-3,5 месяца.\r\n<BR><BR>&nbsp;&nbsp;&nbsp;&nbsp;&nbsp;&nbsp;&nbsp;&nbsp;в) Мыть и купать полностью собаку перед выставкой нельзя, шерсть будет иметь крупную волну и незначительную рыхлую структуру. Шерсть требует каждодневного постоянного расчесывания пухо-деркой или триммингом.\r\n<BR><BR>&nbsp;&nbsp;&nbsp;&nbsp;&nbsp;&nbsp;&nbsp;&nbsp;VI. Рыхлая, жесткая ость с нормальным подшерстком.\r\n<BR><BR>&nbsp;&nbsp;&nbsp;&nbsp;&nbsp;&nbsp;&nbsp;&nbsp;а) Триммингуется за 2 месяца до выставки, процедура длится 3,5-4 часа.\r\n<BR><BR>&nbsp;&nbsp;&nbsp;&nbsp;&nbsp;&nbsp;&nbsp;&nbsp;Созревает очень быстро, выставочный сезон короткий - 2-2,5 месяца. Перерастая, ость приобретает рыхлую, волнистую структуру (шерсть везде стоит дыбом), на ощупь, очень сухая с матово черным оттенком, забита густым подшерстком, искажает контуры собаки.\r\n<BR><BR>&nbsp;&nbsp;&nbsp;&nbsp;&nbsp;&nbsp;&nbsp;&nbsp;6) Плохо поддается укладке и косметической стрижке, которая проводится в 2 этапа, за 10-7 дней до выставки. На выставке необходима фиксирующая укладка шерсти лаком.\r\n<BR><BR>&nbsp;&nbsp;&nbsp;&nbsp;&nbsp;&nbsp;&nbsp;&nbsp;в) Перед выставкой в течение недели (летом собаку не купать). Необходимо каждодневное расчесывание карчеткой или расческой, подшерсток вычесывать пуходеркой.\r\n<BR><BR>&nbsp;&nbsp;&nbsp;&nbsp;&nbsp;&nbsp;&nbsp;&nbsp;VII. Недостаточно жесткая ость с густым подшерстком.\r\n<BR><BR>&nbsp;&nbsp;&nbsp;&nbsp;&nbsp;&nbsp;&nbsp;&nbsp;"Недостаточно жесткая ость" - этот термин в последнее время все чаще встречается в описании собак.\r\n<BR><BR>&nbsp;&nbsp;&nbsp;&nbsp;&nbsp;&nbsp;&nbsp;&nbsp;Ризеншнауцер с таким определением обычно имеет слишком много шерсти (категория "лохмачей") приближен к американскому типу собак.\r\n<BR><BR>&nbsp;&nbsp;&nbsp;&nbsp;&nbsp;&nbsp;&nbsp;&nbsp;Остевой волос тонкий, забит подшерстком в основном черного цвета. Перерастая, шерсть начинает сильно волниться или кучерявиться.\r\n<BR><BR>&nbsp;&nbsp;&nbsp;&nbsp;&nbsp;&nbsp;&nbsp;&nbsp;Ризеншнауцер с таким типом шерсти красиво и правильно подстриженный эффектно выглядит на ринге, выделяясь из основной массы собак. Держать же шерсть в должном порядке очень трудно, нужно приложить максимум терпения и усилия, чтобы Ваша собака выглядела ризеншнауцером, а не черным терьером.\r\n<BR><BR>&nbsp;&nbsp;&nbsp;&nbsp;&nbsp;&nbsp;&nbsp;&nbsp;а) Триммингуется за 2-2,5 месяца до выставки, процедура длится 5-7 часов. Шерсть эта наиболее сложна по подготовке к выставке. Выщипывается с трудом, а иногда и совсем не триммингуется, вызывая сильное покраснение и раздражение в виде прыщиков и маленьких нарывов (шея, бедра, голова) на коже. После щипки кожу необходимо продизенфици-ровать медицинскими средствами.\r\n<BR><BR>&nbsp;&nbsp;&nbsp;&nbsp;&nbsp;&nbsp;&nbsp;&nbsp;б) Через 3-4 недели необходимо подстричь обильный, мягкий подшерсток машинкой по контуру тримминга.\r\n<BR><BR>&nbsp;&nbsp;&nbsp;&nbsp;&nbsp;&nbsp;&nbsp;&nbsp;в) Косметическая стрижка за 5 дней до выставки, одновременно проводится филирование "волны" по корпусу Ризеншнауцера.\r\n<BR><BR>&nbsp;&nbsp;&nbsp;&nbsp;&nbsp;&nbsp;&nbsp;&nbsp;г) Не рекомендуется мыть или купать собак полностью. От воды шерсть плохо поддается укладке. При этом искажается контур стрижки.\r\n<BR><BR>&nbsp;&nbsp;&nbsp;&nbsp;&nbsp;&nbsp;&nbsp;&nbsp;д) В день выставки украшающий волос фиксируется лаком. Собак с таким типом шерсти желательно чаще стричь, приводя их в должный вид 2-3 раза в месяц. Каждодневное расчесывание расческой с частыми зубцами. Подшерсток вычесывается пухо деркой или триммингом.\r\n<BR><BR>&nbsp;&nbsp;&nbsp;&nbsp;&nbsp;&nbsp;&nbsp;&nbsp;Санкт -Петербург, (812) 177-07-05. Татьяна Казак.', ''),
(7, '', '', '', 'Хендлинг', '<CENTER><B><FONT size=5><VAR>Хендлинг</FONT></CENTER></B>\r\n<BR><CENTER><B><FONT size=4><VAR>(кинолог, профессиональный хендлер и груммер)</FONT></CENTER></B><BR><CENTER><B><FONT size=4><VAR>Лин Тали</FONT></CENTER></B>\r\n<FONT size=4>\r\n    <BR><BR>&nbsp;&nbsp;&nbsp;&nbsp;&nbsp;&nbsp;&nbsp;&nbsp;Понятие о хендлинге пришло к нам не так давно, но он уже достаточно прочно укрепился среди заводчиков и владельцев всех пород собак.\r\n<BR><BR>&nbsp;&nbsp;&nbsp;&nbsp;&nbsp;&nbsp;&nbsp;&nbsp;Хендлинг - в переводе с английского обозначает «управление». А хендлер - человек управляющий собакой, представляющий ее в экстерьерном ринге.\r\n<BR><BR>&nbsp;&nbsp;&nbsp;&nbsp;&nbsp;&nbsp;&nbsp;&nbsp;Существует мнение, будто мелким породам собак совсем не нужен хендлер, а некоторые уверены, что и без определенной подготовки и умения сами способны выставить своего питомца. Нет, нет, нет, и еще раз нет - это мнение неверно. В хендлинге нуждается собака любой породы, а владелец собаки, не имеющий определенного опыта и знаний, никогда не представит собаку так, как это сделает профессиональный хендлер. Ведь хендлинг - это своего рода искусство, это талант, который дан далеко не каждому человеку.\r\n<BR><BR>&nbsp;&nbsp;&nbsp;&nbsp;&nbsp;&nbsp;&nbsp;&nbsp;Каждая порода имеет свои индивидуальные особенности, и задача хендлера показать собаку с наилучшей стороны, преподнести глазу эксперта все достоинства собаки и, по возможности, скрыть как можно больше ее недостатков. Ведь привести просто красивую собаку в ринг недостаточно и 30%, а иногда и 50% успеха зависит именно от хендлера. Хендлер должен чувствовать собаку, быть хорошо ознакомлен со стандартом и особенностями породы, а именно, не в меньшей степени, чем эксперт, видеть ту собаку, с которой он работает. Он должен уметь установить с собакой полный контакт. К каждой собаке нужно подходить индивидуально, так как нельзя работать со всеми собаками по одной схеме. Ведь каждая собака - это индивидуальность и при работе нужно учитывать не только особенности данной породы, но и особенности самой собаки: ее экстерьерные данные, характер и темперамент. Задача хендлера включает в себя также и подготовку собаки к выставке своего рода ринг-дрессуру. Ведь для того чтобы собака могла себя показать, её нужно этому обучить. Но грамотный хендлер, как правило, может умело показать и собаку, которую видит впервые. Нельзя забывать и то, что есть хендлеры, специализирующиеся лишь по одной породе (например, немецкая овчарка), и такие хендлеры, как правило, не работают с собаками других пород. \r\n<BR><BR>&nbsp;&nbsp;&nbsp;&nbsp;&nbsp;&nbsp;&nbsp;&nbsp;Хендлер должен быть в курсе всех событий. Он должен знать результаты экспертизы крупнейших выставок и должен знать всех достойных представителей породы, тех пород, с которыми он работает. Очень важно правильно подобрать хендлера, нужно выбрать одного, достойного хендлера, на которого ляжет подготовка и экспонирование собаки в ринге. Не следует менять хендлера на каждую выставку, которую вы посещаете.\r\n<BR><BR>&nbsp;&nbsp;&nbsp;&nbsp;&nbsp;&nbsp;&nbsp;&nbsp;Лучше всего если хендлер начинает работу с собакой с самого раннего возраста, так как выставочную карьеру можно начинать уже с 3-4 месяцев. Хендлер должен показать идеальный контакт с вашей собакой, должно быть полное взаимопонимание, потому что в ринге очень высоко ценится то, что хендлер и собака смотрятся как единое целое. Они должны, как бы дополнять друг друга.\r\n<BR><BR>&nbsp;&nbsp;&nbsp;&nbsp;&nbsp;&nbsp;&nbsp;&nbsp;Будет очень удобно, если ваш хендлер окажется еще и груммером (парикмахером), ведь грумминг (стрижка, тримминг) тоже очень важен для вашего питомца. Большинство хендлеров сами груммируют собак и это очень выигрышно потому, что у каждого груммера, как и у хендлера, свой стиль выполнения работы. Естественно, каждый видит одну и туже собаку по-своему, так как у каждого хендлера и груммера есть свое представление о данной породе, а если хендлер и груммер - один человек, то ваша собака предстанет перед лицом эксперта в ее наилучшем виде (конечно, если она будет грамотно подготовлена).\r\n<BR><BR>&nbsp;&nbsp;&nbsp;&nbsp;&nbsp;&nbsp;&nbsp;&nbsp;Многие владельцы собак ошибаются, считая, что их собака не нуждается в грумминге. А ведь грумминг необходим для любой породы,даже для гладкошерстной. \r\nИтак, теперь мне остается лишь пожелать вам и вашим питомцам успехов в достижение поставленной цели. ', ''),
(8, '', '', '', 'Ссылки', '<BR>\r\n- <a href="http://loidis2008.narod.ru/" target="_blank"><FONT size=5 color=#005B00><VAR>Сайт<B> LOIDIS</B> Цвергшнауцер шоколадно-подпалого окраса. г. Братск</a><BR><BR>\r\n- <a href="http://www.starlaiz-houp.narod.ru/" target="_blank"><FONT size=5 color=#005B00>Питомник <B>STARLAIZ HOUP</B> г. Уфа</a><BR><BR>\r\n- <a href=" http://www.d-keitos.narod.ru/" target="_blank"><FONT size=5 color=#005B00>Питомник<B> ДЕНЕБ-КЕЙТОС</B> Русский черный терьер г. Кемерово</a><BR><BR>\r\n- <a href=" http://www.gentlyborn.com/homeR.html" target="_blank"><FONT size=5 color=#005B00>Питомник<B> Джентли Бон</B>: ризеншнауцер и цвергшнауцер г.Москва </a><BR><BR>\r\n<a href="http://www.vetinfa.ru/" target="_blank">Ветеринарные клиники Москвы</a>\r\n', '');

-- --------------------------------------------------------

--
-- Структура таблицы `foto`
--

CREATE TABLE IF NOT EXISTS `foto` (
  `id` int(11) NOT NULL AUTO_INCREMENT,
  `id_gallery` int(11) NOT NULL,
  `folder` varchar(50) NOT NULL,
  `file` varchar(25) NOT NULL,
  `description` varchar(255) NOT NULL,
  PRIMARY KEY (`id`)
) ENGINE=MyISAM  DEFAULT CHARSET=cp1251 AUTO_INCREMENT=16 ;

--
-- Дамп данных таблицы `foto`
--

INSERT INTO `foto` (`id`, `id_gallery`, `folder`, `file`, `description`) VALUES
(1, 1, 'g1', '1.jpg', 'Дьюс 1 мес 10 дн '),
(2, 1, 'g1', '2.jpg', 'Дьюс с братом 1 мес 10 дн'),
(3, 1, 'g1', '3.jpg', 'Дьюс 3 мес'),
(4, 1, 'g1', '6.jpg', ''),
(5, 1, 'g1', '7.jpg', ''),
(6, 1, 'g1', '8.jpg', ''),
(7, 1, 'g1', '9.jpg', ''),
(8, 16, 'g3', 'getImageCAJI6VOU.jpg', '1'),
(9, 16, 'g3', 'Gerda_foto.jpg', '2'),
(11, 16, 'g3', 'Gerda_foto.jpg', ''),
(12, 16, 'g3', 'Gerda_foto.jpg', '');

-- --------------------------------------------------------

--
-- Структура таблицы `gallery`
--

CREATE TABLE IF NOT EXISTS `gallery` (
  `id` int(11) NOT NULL AUTO_INCREMENT,
  `title` varchar(255) NOT NULL,
  `folder` varchar(50) NOT NULL,
  `foto` varchar(50) NOT NULL,
  `meta_d` varchar(255) NOT NULL,
  `meta_k` varchar(255) NOT NULL,
  `description` varchar(255) NOT NULL,
  `text` text NOT NULL,
  PRIMARY KEY (`id`)
) ENGINE=MyISAM  DEFAULT CHARSET=cp1251 AUTO_INCREMENT=17 ;

--
-- Дамп данных таблицы `gallery`
--

INSERT INTO `gallery` (`id`, `title`, `folder`, `foto`, `meta_d`, `meta_k`, `description`, `text`) VALUES
(1, 'Gerda', 'g1', 'g1_1.jpg', 'meta_d', 'meta_k', 'description', 'text'),
(16, 'проверка', 'g3', 'g3_1.jpg', 'description', 'description', 'description', 'description'),
(14, 'Фотогалерея герды', 'g2', 'g2_Gerda_foto.jpg', 'Герда', 'герда', '<p>Dar Sibiri </p><p>Gerda Mega Star</p>', 'Фотогалерея Герды');

-- --------------------------------------------------------

--
-- Структура таблицы `news`
--

CREATE TABLE IF NOT EXISTS `news` (
  `id` int(11) NOT NULL AUTO_INCREMENT,
  `title` varchar(255) NOT NULL,
  `meta_d` varchar(255) NOT NULL,
  `meta_k` varchar(255) NOT NULL,
  `description` varchar(255) NOT NULL,
  `text_mini` text NOT NULL,
  `text` text NOT NULL,
  `date` date NOT NULL,
  PRIMARY KEY (`id`)
) ENGINE=MyISAM  DEFAULT CHARSET=cp1251 AUTO_INCREMENT=4 ;

--
-- Дамп данных таблицы `news`
--

INSERT INTO `news` (`id`, `title`, `meta_d`, `meta_k`, `description`, `text_mini`, `text`, `date`) VALUES
(1, 'Открытие сайта starlize', 'Открытие сайта', 'Открытие сайта', 'Открытие сайта', 'Открытие сайта', 'Открытие сайта div', '2014-08-24'),
(2, 'Щенки', 'Щенки', 'Щенки', 'Щенки', 'Щенки', 'Щенки', '2014-08-25');

-- --------------------------------------------------------

--
-- Структура таблицы `settings`
--

CREATE TABLE IF NOT EXISTS `settings` (
  `id` int(2) NOT NULL,
  `page` varchar(50) NOT NULL,
  `meta_k` varchar(255) NOT NULL,
  `meta_d` varchar(255) NOT NULL,
  `title` varchar(255) NOT NULL,
  `text` text NOT NULL,
  `description` text NOT NULL,
  `menu` varchar(50) NOT NULL,
  `menu_link` varchar(500) NOT NULL DEFAULT '#',
  `menu_act` int(1) NOT NULL DEFAULT '0',
  PRIMARY KEY (`id`)
) ENGINE=MyISAM  DEFAULT CHARSET=cp1251;

--
-- Дамп данных таблицы `settings`
--

INSERT INTO `settings` (`id`, `page`, `meta_k`, `meta_d`, `title`, `text`, `description`, `menu`, `menu_link`, `menu_act`) VALUES
(1, 'index', 'СТАРЛАЙЗ ХОУП СЭР ПАТРИК СПЕНС   (Патрик)', 'СТАРЛАЙЗ ХОУП СЭР ПАТРИК СПЕНС   (Патрик)', 'СТАРЛАЙЗ ХОУП СЭР ПАТРИК СПЕНС   (Патрик)', '<h1>\r\n                        СТАРЛАЙЗ ХОУП СЭР ПАТРИК СПЕНС (Патрик)\r\n                </h1>\r\n                <h2>\r\n                        Д.р. 11.05.2013 ОКД-2, ЗКС-1, Чемпион Клуба, 3CACIB, 3RCACIB, ЧР, ЮЧР, 5ЧРКФ. Предлагается для племенного использования. Высота в холке 70 см, вес 42 кг .\r\n                </h2>\r\n                <h3>\r\n                        Сангвиник. Интеллектуальный, мужественный, слабых не обижает и себя в обиду не дает. Не доминантный и не агрессивный кобель. С дамами галантен. Хороший семьянин.\r\n                </h3>\r\n                <p>\r\n                        <img src="images/img/1.jpg" border="0" alt="Патрик" width="671" height="644" align="center" />\r\n                </p>\r\n                <p>\r\n                        Происхождение\r\n                </p>\r\n                <table border="1" cellpadding="1" width="95%">\r\n                        <tbody>\r\n                                <tr>\r\n                                        <td rowspan="4">\r\n                                                <p align="center">\r\n\r\n                                                        <u>\r\n                                                                отец:\r\n                                                        </u>\r\n                                                        <br />\r\n                                                        <br />\r\n                                                        Чемпион России, Юный Чемпион России, ОКД-3, РКФ 2823196\r\n                                                        <br />\r\n                                                        <br />\r\n                                                        <a class="thumbnail" href="#"><strong>\r\n                                                                Старлайз Хоуп Лэнд Марк\r\n                                                        </strong><span><strong>\r\n                                                                Старлайз Хоуп Лэнд Марк\r\n                                                        </strong><img src="images/img/image002.jpg"/></span></a>\r\n                                                        \r\n                                                </p>\r\n                                        </td>\r\n                                        <td rowspan="2">\r\n                                                <p align="center">\r\n                                                        \r\n                                                        <br />\r\n                                                        Чемпион России, Юный Чемпион России, РКФ, ОКД-2, ЗКС-1, РКФ 2098764\r\n                                                        <br />\r\n                                                        <a class="thumbnail" href="#"><strong>\r\n                                                                Чудо Века Патриот\r\n                                                        </strong>\r\n                                                        <span><strong>\r\n                                                                Чудо Века Патриот\r\n                                                        </strong><img src="images/img/image004.jpg"/></span></a>\r\n                                                </p>\r\n                                        </td>\r\n                                        <td>\r\n                                                <p align="center">\r\n                                                </p>\r\n                                                <p align="center">\r\n                                                        ОКД-3, РКФ 1783746\r\n                                                        <br />\r\n                                                        <strong>\r\n                                                                Джентли Бон Найс Гайс\r\n                                                        </strong>\r\n                                                </p>\r\n                                        </td>\r\n                                </tr>\r\n                                <tr>\r\n                                        <td>\r\n                                                <p align="center">\r\n                                                        Чемпион России, РКФ,РОЛС, РФСС, ОКД-2, ЗКС-2 , РКФ 1151934\r\n                                                        <br />\r\n                                                        \r\n                                                        <a class="thumbnail" href="#"><strong>\r\n                                                                Чудо Века Династия\r\n                                                        </strong>\r\n                                                        <span><strong>\r\n                                                                Чудо Века Династия\r\n                                                        </strong><img src="images/img/image006.jpg"/></span></a>\r\n                                                </p>\r\n                                        </td>\r\n                                </tr>\r\n                                <tr>\r\n                                        <td rowspan="2">\r\n                                                <p align="center">\r\n                                                        <br />\r\n                                                        Чемпион России, Белоруси, Казахстана, ОКД-3, РКФ 1762133\r\n                                                        <br />\r\n                                                        \r\n                                                        <a class="thumbnail" href="#"><strong>\r\n                                                                Страрлайз Хоуп Винд Оф Чейндж\r\n                                                        </strong>\r\n                                                        <span><strong>\r\n                                                                Страрлайз Хоуп Винд Оф Чейндж\r\n                                                        </strong><img src="images/img/image008.jpg"/></span></a>\r\n                                                </p>\r\n                                        </td>\r\n                                        <td>\r\n                                                <p align="center">\r\n                                                        <br />\r\n                                                        Ч.ИНТ, ГР, РОС, КЛ, РКФ, БЛР, БЛТ,ЛИТ, ШВ, ИЗР, ЕВР, ГРЦ, МАК, ПОЛ, ЭСТ Б/Г, МИРА, ЛАТ, ЛЮКС, КЛ ВЕН, УКР, МОЛ, БОЛ, ВЕН, ФИН, РУМ, ХРВ, ОКД-1, РКФ 1314980\r\n                                                        <br />\r\n                                                        <a class="thumbnail" href="#"><strong>\r\n                                                                Джентли Борн Неве Гив Ап\r\n                                                        </strong>\r\n                                                        <span><strong>\r\n                                                                Джентли Борн Неве Гив Ап\r\n                                                        </strong><img src="images/img/image009.jpg"/></span></a>\r\n                                                </p>\r\n                                        </td>\r\n                                </tr>\r\n                                <tr>\r\n                                        <td>\r\n                                                <p align="center">\r\n                                                        <br />\r\n                                                        Чемпион Интер, Гранд, России, РКФ, Казахстана, Клуба, IPO-1,\r\n                                                        <br />\r\n                                                        HD-A, Т-1, РКФ 1153427\r\n                                                        <br />\r\n                                                        <a class="thumbnail" href="#"><strong>\r\n                                                                Старлайз Хоуп Рио Де Ла Плата\r\n                                                        </strong>\r\n                                                        <span><strong>\r\n                                                                Старлайз Хоуп Рио Де Ла Плата\r\n                                                        </strong><img src="images/img/image011.jpg"/></span></a>\r\n                                                </p>\r\n                                        </td>\r\n                                </tr>\r\n                                <tr>\r\n                                        <td rowspan="4">\r\n                                                <p align="center">\r\n                                                        <u>\r\n                                                        </u>\r\n                                                        <br />\r\n                                                        <u>\r\n                                                                мать:\r\n                                                                <br />\r\n                                                        </u>\r\n                                                        <br />\r\n                                                        Чемпион России, Юный Чемпион России, КЧК, ВН, РКФ 2845213\r\n                                                        <br />\r\n                                                        \r\n                                                        <a class="thumbnail" href="#"><strong>\r\n                                                                Дар Сибири Герда Мега Стар\r\n                                                        </strong>\r\n                                                        <span><strong>\r\n                                                                Дар Сибири Герда Мега Стар\r\n                                                        </strong><img src="images/img/image013.jpg"/></span></a>\r\n                                                </p>\r\n                                        </td>\r\n                                        <td rowspan="2">\r\n                                                <p align="center">\r\n                                                        <br />\r\n                                                        Чемпион России, Казахстана, Узбекистана, Юный Чемпион России, РКФ, КД-1, IPO-1, РКФ 1898947\r\n                                                        <br />\r\n                                                        <a class="thumbnail" href="#"><strong>\r\n                                                                Старлайз Хоуп Дюссельдорф\r\n                                                        </strong>\r\n                                                        <span><strong>\r\n                                                                Старлайз Хоуп Дюссельдорф\r\n                                                        </strong><img src="images/img/image014.jpg"/></span></a>\r\n                                                </p>\r\n                                        </td>\r\n                                        <td>\r\n                                                <p align="center">\r\n                                                        <br />\r\n                                                        Ч.ИНТ, ГР, РОС, КЛ, РКФ, БЛР, БЛТ,ЛИТ, ШВ, ИЗР, ЕВР, ГРЦ, МАК, ПОЛ, ЭСТ Б/Г, МИРА, ЛАТ, ЛЮКС, КЛ ВЕН, УКР, МОЛ, БОЛ, ВЕН, ФИН, РУМ, ХРВ, ОКД-1, РКФ 1314980\r\n                                                        <br />\r\n                                                        <a class="thumbnail" href="#"><strong>\r\n                                                                Джентли Борн Неве Гив Ап\r\n                                                        </strong>\r\n                                                        <span><strong>\r\n                                                                Джентли Борн Неве Гив Ап\r\n                                                        </strong><img src="images/img/image014.jpg"/></span></a>\r\n                                                </p>\r\n                                        </td>\r\n                                </tr>\r\n                                <tr>\r\n                                        <td>\r\n                                                <p align="center">\r\n                                                        <br />\r\n                                                        Юный Чемпион России, Чемпион России, Клуба, Казахстана, Белоруси, ОКД-2, ЗКС-1, РКФ 1363239\r\n                                                        <br />\r\n                                                        <a class="thumbnail" href="#"><strong>\r\n                                                                Старлайз Хоуп Холидей Фо Ми\r\n                                                        </strong>\r\n                                                        <span><strong>\r\n                                                                Старлайз Хоуп Холидей Фо Ми\r\n                                                        </strong><img src="images/img/image015.jpg"/></span></a>\r\n                                                </p>\r\n                                        </td>\r\n                                </tr>\r\n                                <tr>\r\n                                        <td rowspan="2">\r\n                                                <p align="center">\r\n                                                        &nbsp;\r\n                                                </p>\r\n                                                <p align="center">\r\n                                                        <br />\r\n                                                        Чемпион России, Юный Чемпион России, ОКД-1, Т-1, РКФ 1178963\r\n                                                        <br />\r\n                                                        <a name="_GoBack" title="_GoBack"></a>\r\n                                                        <a class="thumbnail" href="#"><strong>\r\n                                                                Персона Грата Аманда Кристелл\r\n                                                        </strong>\r\n                                                        <span><strong>\r\n                                                                Персона Грата Аманда Кристелл\r\n                                                        </strong><img src="images/img/image016.jpg"/></span></a>\r\n                                                </p>\r\n                                        </td>\r\n                                        <td>\r\n                                                <p align="center">\r\n                                                        Champion Russia, RKF 1443648\r\n                                                        <br />\r\n                                                        <strong>\r\n                                                                Dgentli Bon Kraft\r\n                                                        </strong>\r\n                                                </p>\r\n                                        </td>\r\n                                </tr>\r\n                                <tr>\r\n                                        <td>\r\n                                                <p align="center">\r\n                                                        ОКД-3, ЗКС-3, РКФ 1178963\r\n                                                        <br />\r\n                                                        <strong>\r\n                                                                Христель\r\n                                                        </strong>\r\n                                                </p>\r\n                                        </td>\r\n                                </tr>\r\n                        </tbody>\r\n                </table>\r\n                <p>\r\n                        &nbsp;\r\n                </p>\r\n                <p>\r\n                        <a href="http://chudoveka.ru/chudo-veka-patriot/sertifikaty" target="_blank">Сертификаты</a> <br/>\r\n                        <a href="http://chudoveka.ru/chudo-veka-patriot/fotomordy" target="_blank">Фото морды</a> <br/>\r\n                        <a href="http://chudoveka.ru/chudo-veka-patriot/patrik-17-mesyatcev" target="_blank">Патрик - 17 месяцев</a> <br/>\r\n                        <a href="http://chudoveka.ru/chudo-veka-patriot/ptarik-2-goda" target="_blank">Патрик - 2 года</a> <br/>\r\n                        <a href="http://chudoveka.ru/chudo-veka-patriot/patrik-3-goda" target="_blank">Патрик - 3 года</a> <br/>\r\n                </p>', '<p align="center">СТАРЛАЙЗ ХОУП СЭР ПАТРИК СПЕНС   (Патрик)</p>', 'Главная', 'index.php', 1),
(2, 'news', '', '', 'Новости', '', '', 'Новости', '#', 0),
(3, 'gallery', '', '', 'Фотогалерея', '', '', 'Фотогалерея', 'gallery.php', 1),
(4, 'puppies', 'Вязки, щенки', 'Вязки, щенки', 'Вязки, щенки', '<h1>ВЯЗКИ, ЩЕНКИ</h1> <p>Приглашаем на вязку сук ризеншнауцера на взаимовыгодных условиях. </p> <p>Наши условия вязки Вас приятно удивят!</p><p>&nbsp;</p>', 'Вязки, щенки', 'Вязки, щенки', 'puppies.php', 1),
(5, 'about_breed', '', '', 'Все о породе', '<h1>ВСЕ О ПОРОДЕ</h1>\r\n- <a href="about_breed.php?id=1"><FONT size=5 color=#005B00>Официальный стандарт породы (FCI - стандарт N 181 / 2006 г)</a><BR><BR>\r\n- <a href="about_breed.php?id=2"><FONT size=5 color=#005B00>История породы ризеншнауцер</a><BR><BR>\r\n- <a href="about_breed.php?id=3"><FONT size=5 color=#005B00>Ризеншнауцер. Кто он ?</a><BR><BR>\r\n- <a href="about_breed.php?id=4"><FONT size=5 color=#005B00>Как продлить жизнь Вашему питомцу</a><BR><BR>\r\n- <a href="about_breed.php?id=5"><FONT size=5 color=#005B00>Темперамент  - генетика или среда ? </a><BR><BR>\r\n- <a href="about_breed.php?id=6"><FONT size=5 color=#005B00>Тримминг и уход за шерстью ризеншнауцера</a><BR><BR>\r\n- <a href="about_breed.php?id=7"><FONT size=5 color=#005B00>Хендлинг</a><BR><BR>\r\n- <a href="about_breed.php?id=8"><FONT size=5 color=#005B00>Ссылки</a><BR><BR>', '', 'О породе', 'about_breed.php', 1),
(99, 'contacts', '', '', 'Контакты', '<p>г. Красноярск, ул. Московская, кв. 13<br/>\r\nтел. 8-913-532-77-14<br/>\r\nE-Mail: <a href="mailto:sibznanie@mail.ru" title="sibznanie@mail.ru">sibznanie@mail.ru</a><br/>\r\nДля иногородних владельцев сук предоставляется квартира или загородный дом.</p>', '', 'Контакты', 'contacts.php', 1);

-- --------------------------------------------------------

--
-- Структура таблицы `userlist`
--

CREATE TABLE IF NOT EXISTS `userlist` (
  `id` int(1) NOT NULL AUTO_INCREMENT,
  `user` varchar(20) NOT NULL,
  `pass` varchar(40) NOT NULL,
  PRIMARY KEY (`id`)
) ENGINE=MyISAM  DEFAULT CHARSET=cp1251 AUTO_INCREMENT=2 ;

--
-- Дамп данных таблицы `userlist`
--

INSERT INTO `userlist` (`id`, `user`, `pass`) VALUES
(1, 'admin', 'qwerty');
